schema_version,sweep_id,run_id,candidate_id,experiment_family,detector_family,dataset_name,dataset_granularity,status,error,stage,training_time_sec,n_train,n_eval_prices,n_eval_products,attempt_count,combined_precision,combined_recall,combined_f1,weighted_f1_mean,rank_score,default_distance,new_prices_accuracy_mean,new_prices_accuracy_std,new_prices_precision_mean,new_prices_precision_std,new_prices_recall_mean,new_prices_recall_std,new_prices_f1_mean,new_prices_f1_std,new_prices_g_mean_mean,new_prices_g_mean_std,new_products_accuracy_mean,new_products_accuracy_std,new_products_precision_mean,new_products_precision_std,new_products_recall_mean,new_products_recall_std,new_products_f1_mean,new_products_f1_std,new_products_g_mean_mean,new_products_g_mean_std,threshold,w,mh_level,granularity,scope_id,family_output_dir,cache_snapshot_path
phase2.v1,no_avg_hybrid_weighted_single_attempt_batch,hybrid_weighted__threshold_4p000__w_0p250,hybrid_weighted__threshold_4p000__w_0p250,tuning,hybrid_weighted,COMPETITOR_1_COUNTRY_1,by_competitor,ok,,coarse,23.797658500028774,99162,18662,29065,1,0.30059340877888224,0.7243112708378052,0.4248639396134056,0.4248639396134056,0.7666826370681947,0.325,0.8123459436287643,0.0,0.3176549264378065,0.0,0.7636655948553055,0.0,0.4486775818639799,0.0,0.7902472830436057,0.0,0.784001376225701,0.0,0.260783200908059,0.0,0.6324845147969718,0.0,0.3692987743620655,0.0,0.7116984631255693,0.0,4.0,0.25,mh5,by_competitor,COUNTRY_1/B2B/COMPETITOR_1_COUNTRY_1_2026-02-08,C:\Users\Administrator\Desktop\dippa\src\results\tuning\statistical\no_avg_hybrid_weighted_single_attempt_batch\mh5\by_competitor\COUNTRY_1_B2B_COMPETITOR_1_COUNTRY_1_2026-02-08\hybrid_weighted,C:\Users\Administrator\Desktop\dippa\src\artifacts\cache\statistical_tuning\mh5\by_competitor\COUNTRY_1_B2B_COMPETITOR_1_COUNTRY_1_2026-02-08\template_cache.joblib
phase2.v1,no_avg_hybrid_weighted_single_attempt_batch,hybrid_weighted__threshold_5p000__w_0p250,hybrid_weighted__threshold_5p000__w_0p250,tuning,hybrid_weighted,COMPETITOR_2_COUNTRY_1,by_competitor,ok,,coarse,175.62955629988573,974118,104688,268950,1,0.28517731020150977,0.6932592346877776,0.40401768533925264,0.40401768533925264,0.7476706267873804,0.425,0.8029382546232615,0.0,0.2959437751004016,0.0,0.703954910202522,0.0,0.41670436552816104,0.0,0.7569503754002126,0.0,0.7766759620747351,0.0,0.2600555587707622,0.0,0.6683026584867076,0.0,0.3744154315651331,0.0,0.7260178800241054,0.0,5.0,0.25,mh5,by_competitor,COUNTRY_1/B2C/COMPETITOR_2_COUNTRY_1_2026-02-08,C:\Users\Administrator\Desktop\dippa\src\results\tuning\statistical\no_avg_hybrid_weighted_single_attempt_batch\mh5\by_competitor\COUNTRY_1_B2C_COMPETITOR_2_COUNTRY_1_2026-02-08\hybrid_weighted,C:\Users\Administrator\Desktop\dippa\src\artifacts\cache\statistical_tuning\mh5\by_competitor\COUNTRY_1_B2C_COMPETITOR_2_COUNTRY_1_2026-02-08\template_cache.joblib
phase2.v1,no_avg_hybrid_weighted_single_attempt_batch,hybrid_weighted__threshold_2p000__w_0p250,hybrid_weighted__threshold_2p000__w_0p250,tuning,hybrid_weighted,COMPETITOR_3_COUNTRY_1,by_competitor,ok,,coarse,250.9022354001645,2245954,320000,642347,1,0.2675909287478528,0.21835932060902324,0.23850239547195007,0.23850239547195007,0.4472648079049045,0.125,0.864828125,0.0,0.250808130009299,0.0,0.177,0.0,0.20753714526500924,0.0,0.4081689167285198,0.0,0.8603293858304001,0.0,0.30675079247114495,0.0,0.31486440203007754,0.0,0.31075464595481195,0.0,0.5384885539831356,0.0,2.0,0.25,mh5,by_competitor,COUNTRY_1/B2C/COMPETITOR_3_COUNTRY_1_2026-02-08,C:\Users\Administrator\Desktop\dippa\src\results\tuning\statistical\no_avg_hybrid_weighted_single_attempt_batch\mh5\by_competitor\COUNTRY_1_B2C_COMPETITOR_3_COUNTRY_1_2026-02-08\hybrid_weighted,C:\Users\Administrator\Desktop\dippa\src\artifacts\cache\statistical_tuning\mh5\by_competitor\COUNTRY_1_B2C_COMPETITOR_3_COUNTRY_1_2026-02-08\template_cache.joblib
phase2.v1,no_avg_hybrid_weighted_single_attempt_batch,hybrid_weighted__threshold_4p000__w_0p250,hybrid_weighted__threshold_4p000__w_0p250,tuning,hybrid_weighted,COMPETITOR_1_COUNTRY_2,by_competitor,ok,,coarse,95.29547509993427,507486,73844,145415,1,0.3152811050467887,0.7552731822366807,0.4448229882025755,0.4448229882025755,0.7852964502630619,0.325,0.8175207193543145,0.0,0.32986983967376127,0.0,0.7997020585048754,0.0,0.46707534111133087,0.0,0.8095407327180796,0.0,0.7986383798095107,0.0,0.28124072425051944,0.0,0.65160580427756,0.0,0.39290083141547966,0.0,0.7287264578680208,0.0,4.0,0.25,mh5,by_competitor,COUNTRY_2/B2B/COMPETITOR_1_COUNTRY_2_2026-02-08,C:\Users\Administrator\Desktop\dippa\src\results\tuning\statistical\no_avg_hybrid_weighted_single_attempt_batch\mh5\by_competitor\COUNTRY_2_B2B_COMPETITOR_1_COUNTRY_2_2026-02-08\hybrid_weighted,C:\Users\Administrator\Desktop\dippa\src\artifacts\cache\statistical_tuning\mh5\by_competitor\COUNTRY_2_B2B_COMPETITOR_1_COUNTRY_2_2026-02-08\template_cache.joblib
phase2.v1,no_avg_hybrid_weighted_single_attempt_batch,hybrid_weighted__threshold_4p000__w_0p250,hybrid_weighted__threshold_4p000__w_0p250,tuning,hybrid_weighted,COMPETITOR_2_COUNTRY_2,by_competitor,ok,,coarse,150.36479140003212,836863,104126,235527,1,0.2782521375291416,0.7363752428479262,0.4038694288793952,0.4038694288793952,0.7612957523443223,0.325,0.7904750014405624,0.0,0.29110956445291036,0.0,0.7632539377641183,0.0,0.4214685370316353,0.0,0.778229734133926,0.0,0.7633774471716619,0.0,0.24825147470701445,0.0,0.6736582880434783,0.0,0.362804843190835,0.0,0.7217831281685804,0.0,4.0,0.25,mh5,by_competitor,COUNTRY_2/B2C/COMPETITOR_2_COUNTRY_2_2026-02-08,C:\Users\Administrator\Desktop\dippa\src\results\tuning\statistical\no_avg_hybrid_weighted_single_attempt_batch\mh5\by_competitor\COUNTRY_2_B2C_COMPETITOR_2_COUNTRY_2_2026-02-08\hybrid_weighted,C:\Users\Administrator\Desktop\dippa\src\artifacts\cache\statistical_tuning\mh5\by_competitor\COUNTRY_2_B2C_COMPETITOR_2_COUNTRY_2_2026-02-08\template_cache.joblib
phase2.v1,no_avg_hybrid_weighted_single_attempt_batch,hybrid_weighted__threshold_6p000__w_0p250,hybrid_weighted__threshold_6p000__w_0p250,tuning,hybrid_weighted,COMPETITOR_3_COUNTRY_2,by_competitor,ok,,coarse,220.10991350002587,1414356,320000,433528,1,0.3123192441078664,0.46152947557206125,0.3707049324076693,0.3707049324076693,0.6384807536953478,0.525,0.85654375,0.0,0.33945229518795605,0.0,0.45940625,0.0,0.3904233281988634,0.0,0.6432522763223801,0.0,0.8059640899780406,0.0,0.2490087915876573,0.0,0.46648366857353757,0.0,0.3246953422282164,0.0,0.6273472008989391,0.0,6.0,0.25,mh5,by_competitor,COUNTRY_2/B2C/COMPETITOR_3_COUNTRY_2_2026-02-08,C:\Users\Administrator\Desktop\dippa\src\results\tuning\statistical\no_avg_hybrid_weighted_single_attempt_batch\mh5\by_competitor\COUNTRY_2_B2C_COMPETITOR_3_COUNTRY_2_2026-02-08\hybrid_weighted,C:\Users\Administrator\Desktop\dippa\src\artifacts\cache\statistical_tuning\mh5\by_competitor\COUNTRY_2_B2C_COMPETITOR_3_COUNTRY_2_2026-02-08\template_cache.joblib
phase2.v1,no_avg_hybrid_weighted_single_attempt_batch,hybrid_weighted__threshold_4p000__w_0p250,hybrid_weighted__threshold_4p000__w_0p250,tuning,hybrid_weighted,COMPETITOR_1_COUNTRY_3,by_competitor,ok,,coarse,138.61404410004616,809124,90238,226846,1,0.337534599565716,0.7314623869293216,0.4618940116358289,0.4618940116358289,0.7838284166575593,0.325,0.8361776635120459,0.0,0.3513318191203799,0.0,0.7542945805164579,0.0,0.47938017256559257,0.0,0.7984899916695624,0.0,0.8135342919866341,0.0,0.30534108727150033,0.0,0.678187268559337,0.0,0.4210929694663802,0.0,0.7496180749628856,0.0,4.0,0.25,mh5,by_competitor,COUNTRY_3/B2B/COMPETITOR_1_COUNTRY_3_2026-02-08,C:\Users\Administrator\Desktop\dippa\src\results\tuning\statistical\no_avg_hybrid_weighted_single_attempt_batch\mh5\by_competitor\COUNTRY_3_B2B_COMPETITOR_1_COUNTRY_3_2026-02-08\hybrid_weighted,C:\Users\Administrator\Desktop\dippa\src\artifacts\cache\statistical_tuning\mh5\by_competitor\COUNTRY_3_B2B_COMPETITOR_1_COUNTRY_3_2026-02-08\template_cache.joblib
phase2.v1,no_avg_hybrid_weighted_single_attempt_batch,hybrid_weighted__threshold_4p000__w_0p250,hybrid_weighted__threshold_4p000__w_0p250,tuning,hybrid_weighted,COMPETITOR_2_COUNTRY_3,by_competitor,ok,,coarse,188.55228199996054,1083500,122136,303503,1,0.30533010836469315,0.6915328317747138,0.4231997024634193,0.4231997024634193,0.7546713706120804,0.325,0.82309065304251,0.0,0.3228349426674713,0.0,0.7008106116433309,0.0,0.44204002582311164,0.0,0.7657361344933363,0.0,0.7807006850014662,0.0,0.26448549499154417,0.0,0.6698846787479407,0.0,0.3792389479574706,0.0,0.7288535882224834,0.0,4.0,0.25,mh5,by_competitor,COUNTRY_3/B2C/COMPETITOR_2_COUNTRY_3_2026-02-08,C:\Users\Administrator\Desktop\dippa\src\results\tuning\statistical\no_avg_hybrid_weighted_single_attempt_batch\mh5\by_competitor\COUNTRY_3_B2C_COMPETITOR_2_COUNTRY_3_2026-02-08\hybrid_weighted,C:\Users\Administrator\Desktop\dippa\src\artifacts\cache\statistical_tuning\mh5\by_competitor\COUNTRY_3_B2C_COMPETITOR_2_COUNTRY_3_2026-02-08\template_cache.joblib
phase2.v1,no_avg_hybrid_weighted_single_attempt_batch,hybrid_weighted__threshold_5p000__w_0p250,hybrid_weighted__threshold_5p000__w_0p250,tuning,hybrid_weighted,COMPETITOR_3_COUNTRY_3,by_competitor,ok,,coarse,248.5709467001725,1564572,320000,471107,1,0.5475324036432025,0.5937586141477393,0.5694103197990121,0.5694103197990121,0.7487083547271287,0.425,0.918328125,0.0,0.5868348583103846,0.0,0.6193125,0.0,0.6026364203068222,0.0,0.7676640538734213,0.0,0.8896492728828058,0.0,0.45582667608644456,0.0,0.5341328804924644,0.0,0.49188275194745534,0.0,0.7044783900524463,0.0,5.0,0.25,mh5,by_competitor,COUNTRY_3/B2C/COMPETITOR_3_COUNTRY_3_2026-02-08,C:\Users\Administrator\Desktop\dippa\src\results\tuning\statistical\no_avg_hybrid_weighted_single_attempt_batch\mh5\by_competitor\COUNTRY_3_B2C_COMPETITOR_3_COUNTRY_3_2026-02-08\hybrid_weighted,C:\Users\Administrator\Desktop\dippa\src\artifacts\cache\statistical_tuning\mh5\by_competitor\COUNTRY_3_B2C_COMPETITOR_3_COUNTRY_3_2026-02-08\template_cache.joblib
phase2.v1,no_avg_hybrid_weighted_single_attempt_batch,hybrid_weighted__threshold_5p000__w_0p250,hybrid_weighted__threshold_5p000__w_0p250,tuning,hybrid_weighted,COMPETITOR_1_COUNTRY_4,by_competitor,ok,,coarse,46.84462250000797,257617,34016,74523,1,0.31003106725015045,0.7219449049038812,0.4333556512563457,0.4333556512563457,0.7691869413754207,0.425,0.824494355597366,0.0,0.3309201000394893,0.0,0.7391943546015878,0.0,0.4571740316421168,0.0,0.785153564553461,0.0,0.7754518739181192,0.0,0.26128999074169323,0.0,0.6816961889425658,0.0,0.37777943035621325,0.0,0.7319314872933266,0.0,5.0,0.25,mh5,by_competitor,COUNTRY_4/B2B/COMPETITOR_1_COUNTRY_4_2026-02-08,C:\Users\Administrator\Desktop\dippa\src\results\tuning\statistical\no_avg_hybrid_weighted_single_attempt_batch\mh5\by_competitor\COUNTRY_4_B2B_COMPETITOR_1_COUNTRY_4_2026-02-08\hybrid_weighted,C:\Users\Administrator\Desktop\dippa\src\artifacts\cache\statistical_tuning\mh5\by_competitor\COUNTRY_4_B2B_COMPETITOR_1_COUNTRY_4_2026-02-08\template_cache.joblib
phase2.v1,no_avg_hybrid_weighted_single_attempt_batch,hybrid_weighted__threshold_5p000__w_0p250,hybrid_weighted__threshold_5p000__w_0p250,tuning,hybrid_weighted,COMPETITOR_2_COUNTRY_4,by_competitor,ok,,coarse,172.18843639991246,988440,102106,271847,1,0.3122973215032591,0.7540228552371937,0.4412687872497535,0.4412687872497535,0.7831931082941949,0.425,0.8228115879576127,0.0,0.3335866903133181,0.0,0.7737512242899118,0.0,0.4661867107281955,0.0,0.8005429615679273,0.0,0.7720188194094473,0.0,0.26262212761312154,0.0,0.7079899941141848,0.0,0.38312696580005573,0.0,0.7427101173221529,0.0,5.0,0.25,mh5,by_competitor,COUNTRY_4/B2C/COMPETITOR_2_COUNTRY_4_2026-02-08,C:\Users\Administrator\Desktop\dippa\src\results\tuning\statistical\no_avg_hybrid_weighted_single_attempt_batch\mh5\by_competitor\COUNTRY_4_B2C_COMPETITOR_2_COUNTRY_4_2026-02-08\hybrid_weighted,C:\Users\Administrator\Desktop\dippa\src\artifacts\cache\statistical_tuning\mh5\by_competitor\COUNTRY_4_B2C_COMPETITOR_2_COUNTRY_4_2026-02-08\template_cache.joblib
phase2.v1,no_avg_hybrid_weighted_single_attempt_batch,hybrid_weighted__threshold_6p000__w_0p750,hybrid_weighted__threshold_6p000__w_0p750,tuning,hybrid_weighted,COMPETITOR_3_COUNTRY_4,by_competitor,ok,,coarse,0.7962673001457006,3320,1454,1188,1,0.3548293488693944,0.7638457042665108,0.4589959750261465,0.4589959750261465,0.7792093429696616,0.525,0.8019257221458047,0.0,0.3260340632603406,0.0,0.9241379310344827,0.0,0.48201438848920863,0.0,0.853568586241954,0.0,0.8863636363636364,0.0,0.42201834862385323,0.0,0.3898305084745763,0.0,0.40528634361233484,0.0,0.6057044420009796,0.0,6.0,0.75,mh5,by_competitor,COUNTRY_4/B2C/COMPETITOR_3_COUNTRY_4_2026-02-08,C:\Users\Administrator\Desktop\dippa\src\results\tuning\statistical\no_avg_hybrid_weighted_single_attempt_batch\mh5\by_competitor\COUNTRY_4_B2C_COMPETITOR_3_COUNTRY_4_2026-02-08\hybrid_weighted,C:\Users\Administrator\Desktop\dippa\src\artifacts\cache\statistical_tuning\mh5\by_competitor\COUNTRY_4_B2C_COMPETITOR_3_COUNTRY_4_2026-02-08\template_cache.joblib
phase2.v1,no_avg_hybrid_weighted_single_attempt_batch,hybrid_weighted__threshold_3p000__w_0p250,hybrid_weighted__threshold_3p000__w_0p250,tuning,hybrid_weighted,COUNTRY_1,by_country,ok,,coarse,434.3493661999237,3318176,443352,941418,1,0.2373042302305795,0.3297594828492045,0.27520153085632504,0.27520153085632504,0.5378625135105533,0.225,0.8310304227791913,0.0,0.23148928696873902,0.0,0.29730461260854857,0.0,0.2603011602073562,0.0,0.5144901414749514,0.0,0.8194680790042256,0.0,0.25087243117487396,0.0,0.40548751341073497,0.0,0.30996906237058564,0.0,0.5923980482602911,0.0,3.0,0.25,mh5,by_country,COUNTRY_1/COUNTRY_1_2026-02-08,C:\Users\Administrator\Desktop\dippa\src\results\tuning\statistical\no_avg_hybrid_weighted_single_attempt_batch\mh5\by_country\COUNTRY_1_COUNTRY_1_2026-02-08\hybrid_weighted,C:\Users\Administrator\Desktop\dippa\src\artifacts\cache\statistical_tuning\mh5\by_country\COUNTRY_1_COUNTRY_1_2026-02-08\template_cache.joblib
phase2.v1,no_avg_hybrid_weighted_single_attempt_batch,hybrid_weighted__threshold_4p000__w_0p250,hybrid_weighted__threshold_4p000__w_0p250,tuning,hybrid_weighted,COUNTRY_2,by_country,ok,,coarse,466.9148220999632,2757482,497970,815693,1,0.2748101425998294,0.5503422422170546,0.3658403095822502,0.3658403095822502,0.6784108104114092,0.325,0.8215996947607286,0.0,0.2923196408243167,0.0,0.5517601461935457,0.0,0.3821684400862369,0.0,0.6854698646435482,0.0,0.7755871387887354,0.0,0.23395464674269237,0.0,0.5470337996052422,0.0,0.32774133840628145,0.0,0.6619396838697514,0.0,4.0,0.25,mh5,by_country,COUNTRY_2/COUNTRY_2_2026-02-08,C:\Users\Administrator\Desktop\dippa\src\results\tuning\statistical\no_avg_hybrid_weighted_single_attempt_batch\mh5\by_country\COUNTRY_2_COUNTRY_2_2026-02-08\hybrid_weighted,C:\Users\Administrator\Desktop\dippa\src\artifacts\cache\statistical_tuning\mh5\by_country\COUNTRY_2_COUNTRY_2_2026-02-08\template_cache.joblib
phase2.v1,no_avg_hybrid_weighted_single_attempt_batch,hybrid_weighted__threshold_4p000__w_0p250,hybrid_weighted__threshold_4p000__w_0p250,tuning,hybrid_weighted,COUNTRY_3,by_country,ok,,coarse,582.4727396001108,3460511,532376,998139,1,0.38764141581417255,0.6307800860821977,0.4793510921735107,0.4793510921735107,0.7479939281719642,0.325,0.8752667287781568,0.0,0.4199961115971615,0.0,0.6492477036647445,0.0,0.5100455239683325,0.0,0.7645713918591145,0.0,0.8292662645182685,0.0,0.3121471256538652,0.0,0.5876889783895886,0.0,0.40773075131892655,0.0,0.7093131795686136,0.0,4.0,0.25,mh5,by_country,COUNTRY_3/COUNTRY_3_2026-02-08,C:\Users\Administrator\Desktop\dippa\src\results\tuning\statistical\no_avg_hybrid_weighted_single_attempt_batch\mh5\by_country\COUNTRY_3_COUNTRY_3_2026-02-08\hybrid_weighted,C:\Users\Administrator\Desktop\dippa\src\artifacts\cache\statistical_tuning\mh5\by_country\COUNTRY_3_COUNTRY_3_2026-02-08\template_cache.joblib
phase2.v1,no_avg_hybrid_weighted_single_attempt_batch,hybrid_weighted__threshold_5p000__w_0p250,hybrid_weighted__threshold_5p000__w_0p250,tuning,hybrid_weighted,COUNTRY_4,by_country,ok,,coarse,220.02286270004697,1251116,137576,345819,1,0.30870485419387733,0.7452194016684859,0.43616185770128935,0.43616185770128935,0.7779004534062963,0.425,0.8227307088445659,0.0,0.3334586583952126,0.0,0.773642509268009,0.0,0.4660419494679687,0.0,0.8004491744575356,0.0,0.7652500296397826,0.0,0.25094597772409516,0.0,0.6788988172695989,0.0,0.3664416435790377,0.0,0.7252867709534048,0.0,5.0,0.25,mh5,by_country,COUNTRY_4/COUNTRY_4_2026-02-08,C:\Users\Administrator\Desktop\dippa\src\results\tuning\statistical\no_avg_hybrid_weighted_single_attempt_batch\mh5\by_country\COUNTRY_4_COUNTRY_4_2026-02-08\hybrid_weighted,C:\Users\Administrator\Desktop\dippa\src\artifacts\cache\statistical_tuning\mh5\by_country\COUNTRY_4_COUNTRY_4_2026-02-08\template_cache.joblib
phase2.v1,no_avg_hybrid_weighted_single_attempt_batch,hybrid_weighted__threshold_4p000__w_0p250,hybrid_weighted__threshold_4p000__w_0p250,tuning,hybrid_weighted,GLOBAL,global,ok,,coarse,1715.4714705001097,10793443,1611276,3094909,1,0.3058450274112711,0.5230070579688385,0.38527258105831313,0.38527258105831313,0.6731502247883775,0.325,0.8430455117559003,0.0,0.32399309551208283,0.0,0.5242138189130313,0.0,0.40047223150722927,0.0,0.6786064358411315,0.0,0.8066224241165088,0.0,0.2634995351760439,0.0,0.5201912824323888,0.0,0.3498067300108423,0.0,0.6604190656652852,0.0,4.0,0.25,mh5,global,GLOBAL_2026-02-08,C:\Users\Administrator\Desktop\dippa\src\results\tuning\statistical\no_avg_hybrid_weighted_single_attempt_batch\mh5\global\GLOBAL_2026-02-08\hybrid_weighted,C:\Users\Administrator\Desktop\dippa\src\artifacts\cache\statistical_tuning\mh5\global\GLOBAL_2026-02-08\template_cache.joblib
phase2.v1,no_avg_hybrid_weighted_single_attempt_batch,hybrid_weighted__threshold_5p000__w_0p250,hybrid_weighted__threshold_5p000__w_0p250,tuning,hybrid_weighted,COMPETITOR_1_COUNTRY_1,by_competitor,ok,,coarse,13.753105700016022,76426,8448,20507,1,0.30872156298324654,0.8115459484452664,0.4472791916420954,0.4472791916420954,0.8045718354506377,0.425,0.8048058712121212,0.0,0.31974921630094044,0.0,0.8459715639810427,0.0,0.4640883977900553,0.0,0.822786428833749,0.0,0.7879260740235041,0.0,0.2829903719086275,0.0,0.7312195121951219,0.0,0.4080577106301892,0.0,0.7620711175567115,0.0,5.0,0.25,mh10,by_competitor,COUNTRY_1/B2B/COMPETITOR_1_COUNTRY_1_2026-02-08,C:\Users\Administrator\Desktop\dippa\src\results\tuning\statistical\no_avg_hybrid_weighted_single_attempt_batch\mh10\by_competitor\COUNTRY_1_B2B_COMPETITOR_1_COUNTRY_1_2026-02-08\hybrid_weighted,C:\Users\Administrator\Desktop\dippa\src\artifacts\cache\statistical_tuning\mh10\by_competitor\COUNTRY_1_B2B_COMPETITOR_1_COUNTRY_1_2026-02-08\template_cache.joblib
phase2.v1,no_avg_hybrid_weighted_single_attempt_batch,hybrid_weighted__threshold_5p000__w_0p250,hybrid_weighted__threshold_5p000__w_0p250,tuning,hybrid_weighted,COMPETITOR_2_COUNTRY_1,by_competitor,ok,,coarse,147.97091519995593,901829,74224,244358,1,0.2804336079692162,0.7143125435157931,0.40263225693274807,0.40263225693274807,0.7539504545512727,0.425,0.7954839405044191,0.0,0.2898016690148477,0.0,0.7205604958232282,0.0,0.41335600556500235,0.0,0.7610469663636326,0.0,0.7693425220373387,0.0,0.2585747988627427,0.0,0.6997339881317782,0.0,0.37761017679082143,0.0,0.7373919269891,0.0,5.0,0.25,mh10,by_competitor,COUNTRY_1/B2C/COMPETITOR_2_COUNTRY_1_2026-02-08,C:\Users\Administrator\Desktop\dippa\src\results\tuning\statistical\no_avg_hybrid_weighted_single_attempt_batch\mh10\by_competitor\COUNTRY_1_B2C_COMPETITOR_2_COUNTRY_1_2026-02-08\hybrid_weighted,C:\Users\Administrator\Desktop\dippa\src\artifacts\cache\statistical_tuning\mh10\by_competitor\COUNTRY_1_B2C_COMPETITOR_2_COUNTRY_1_2026-02-08\template_cache.joblib
phase2.v1,no_avg_hybrid_weighted_single_attempt_batch,hybrid_weighted__threshold_2p000__w_0p250,hybrid_weighted__threshold_2p000__w_0p250,tuning,hybrid_weighted,COMPETITOR_3_COUNTRY_1,by_competitor,ok,,coarse,235.20504810009152,2217429,308814,631254,1,0.26573398732448766,0.21931102641535807,0.2380079562360308,0.2380079562360308,0.4478073392697437,0.125,0.8647988756986406,0.0,0.2507223113964687,0.0,0.17703442246041254,0.0,0.20753141251945487,0.0,0.4082004894065321,0.0,0.8578749600002534,0.0,0.3007612311565319,0.0,0.31795643564356435,0.0,0.309119891574708,0.0,0.5402233222839042,0.0,2.0,0.25,mh10,by_competitor,COUNTRY_1/B2C/COMPETITOR_3_COUNTRY_1_2026-02-08,C:\Users\Administrator\Desktop\dippa\src\results\tuning\statistical\no_avg_hybrid_weighted_single_attempt_batch\mh10\by_competitor\COUNTRY_1_B2C_COMPETITOR_3_COUNTRY_1_2026-02-08\hybrid_weighted,C:\Users\Administrator\Desktop\dippa\src\artifacts\cache\statistical_tuning\mh10\by_competitor\COUNTRY_1_B2C_COMPETITOR_3_COUNTRY_1_2026-02-08\template_cache.joblib
phase2.v1,no_avg_hybrid_weighted_single_attempt_batch,hybrid_weighted__threshold_4p000__w_0p250,hybrid_weighted__threshold_4p000__w_0p250,tuning,hybrid_weighted,COMPETITOR_1_COUNTRY_2,by_competitor,ok,,coarse,71.74532829993404,435058,42952,119467,1,0.33445259100880587,0.7839359363936316,0.4687735855938087,0.4687735855938087,0.8043097303036841,0.325,0.8339541814118085,0.0,0.35644165570286407,0.0,0.820023282887078,0.0,0.49689616252821667,0.0,0.8277264497595197,0.0,0.7928298191132279,0.0,0.28314477338933675,0.0,0.6997321279089235,0.0,0.4031542394135237,0.0,0.749670718240068,0.0,4.0,0.25,mh10,by_competitor,COUNTRY_2/B2B/COMPETITOR_1_COUNTRY_2_2026-02-08,C:\Users\Administrator\Desktop\dippa\src\results\tuning\statistical\no_avg_hybrid_weighted_single_attempt_batch\mh10\by_competitor\COUNTRY_2_B2B_COMPETITOR_1_COUNTRY_2_2026-02-08\hybrid_weighted,C:\Users\Administrator\Desktop\dippa\src\artifacts\cache\statistical_tuning\mh10\by_competitor\COUNTRY_2_B2B_COMPETITOR_1_COUNTRY_2_2026-02-08\template_cache.joblib
phase2.v1,no_avg_hybrid_weighted_single_attempt_batch,hybrid_weighted__threshold_4p000__w_0p250,hybrid_weighted__threshold_4p000__w_0p250,tuning,hybrid_weighted,COMPETITOR_2_COUNTRY_2,by_competitor,ok,,coarse,126.54144469997846,757290,70152,205834,1,0.28075287881364996,0.7785923557105804,0.4126392329968541,0.4126392329968541,0.7780403157559789,0.325,0.7880174478275744,0.0,0.29488250652741516,0.0,0.8049893086243763,0.0,0.4316453277278808,0.0,0.7955046512110372,0.0,0.7540396630294315,0.0,0.24778374748153123,0.0,0.7169994655783899,0.0,0.3682916786244588,0.0,0.7372901996941761,0.0,4.0,0.25,mh10,by_competitor,COUNTRY_2/B2C/COMPETITOR_2_COUNTRY_2_2026-02-08,C:\Users\Administrator\Desktop\dippa\src\results\tuning\statistical\no_avg_hybrid_weighted_single_attempt_batch\mh10\by_competitor\COUNTRY_2_B2C_COMPETITOR_2_COUNTRY_2_2026-02-08\hybrid_weighted,C:\Users\Administrator\Desktop\dippa\src\artifacts\cache\statistical_tuning\mh10\by_competitor\COUNTRY_2_B2C_COMPETITOR_2_COUNTRY_2_2026-02-08\template_cache.joblib
phase2.v1,no_avg_hybrid_weighted_single_attempt_batch,hybrid_weighted__threshold_6p000__w_0p750,hybrid_weighted__threshold_6p000__w_0p750,tuning,hybrid_weighted,COMPETITOR_3_COUNTRY_2,by_competitor,ok,,coarse,152.5259940000251,1047727,181728,308137,1,0.3326229131315336,0.6196498766329241,0.431154610647179,0.431154610647179,0.7282490448041032,0.525,0.8560320919175911,0.0,0.37262090732298275,0.0,0.6431873211534228,0.0,0.47187064736873974,0.0,0.7521962845187616,0.0,0.7769531085199116,0.0,0.23929426001815232,0.0,0.5647291727517606,0.0,0.33615052496353753,0.0,0.6723721521365671,0.0,6.0,0.75,mh10,by_competitor,COUNTRY_2/B2C/COMPETITOR_3_COUNTRY_2_2026-02-08,C:\Users\Administrator\Desktop\dippa\src\results\tuning\statistical\no_avg_hybrid_weighted_single_attempt_batch\mh10\by_competitor\COUNTRY_2_B2C_COMPETITOR_3_COUNTRY_2_2026-02-08\hybrid_weighted,C:\Users\Administrator\Desktop\dippa\src\artifacts\cache\statistical_tuning\mh10\by_competitor\COUNTRY_2_B2C_COMPETITOR_3_COUNTRY_2_2026-02-08\template_cache.joblib
phase2.v1,no_avg_hybrid_weighted_single_attempt_batch,hybrid_weighted__threshold_4p000__w_0p250,hybrid_weighted__threshold_4p000__w_0p250,tuning,hybrid_weighted,COMPETITOR_1_COUNTRY_3,by_competitor,ok,,coarse,126.15178820001893,753374,65592,203694,1,0.3481928326634359,0.7555058163018247,0.4765612975381168,0.4765612975381168,0.797622434097384,0.325,0.8426027564337114,0.0,0.3647920706744236,0.0,0.7743558469278854,0.0,0.4959476613611952,0.0,0.8113852998088404,0.0,0.8123852445334668,0.0,0.3094612773044648,0.0,0.7115224115076833,0.0,0.4313264486176007,0.0,0.7655090807706526,0.0,4.0,0.25,mh10,by_competitor,COUNTRY_3/B2B/COMPETITOR_1_COUNTRY_3_2026-02-08,C:\Users\Administrator\Desktop\dippa\src\results\tuning\statistical\no_avg_hybrid_weighted_single_attempt_batch\mh10\by_competitor\COUNTRY_3_B2B_COMPETITOR_1_COUNTRY_3_2026-02-08\hybrid_weighted,C:\Users\Administrator\Desktop\dippa\src\artifacts\cache\statistical_tuning\mh10\by_competitor\COUNTRY_3_B2B_COMPETITOR_1_COUNTRY_3_2026-02-08\template_cache.joblib
phase2.v1,no_avg_hybrid_weighted_single_attempt_batch,hybrid_weighted__threshold_4p000__w_0p250,hybrid_weighted__threshold_4p000__w_0p250,tuning,hybrid_weighted,COMPETITOR_2_COUNTRY_3,by_competitor,ok,,coarse,165.62723960005678,1008417,89944,275671,1,0.30782315728163495,0.7260964922310815,0.43183464855418885,0.43183464855418885,0.7699882288990357,0.325,0.8221671262118652,0.0,0.3270931094097308,0.0,0.7362686235267957,0.0,0.45295666746468755,0.0,0.7825360461808992,0.0,0.773273213359403,0.0,0.26285993564941146,0.0,0.7023615192077484,0.0,0.3825499377630253,0.0,0.740709988574688,0.0,4.0,0.25,mh10,by_competitor,COUNTRY_3/B2C/COMPETITOR_2_COUNTRY_3_2026-02-08,C:\Users\Administrator\Desktop\dippa\src\results\tuning\statistical\no_avg_hybrid_weighted_single_attempt_batch\mh10\by_competitor\COUNTRY_3_B2C_COMPETITOR_2_COUNTRY_3_2026-02-08\hybrid_weighted,C:\Users\Administrator\Desktop\dippa\src\artifacts\cache\statistical_tuning\mh10\by_competitor\COUNTRY_3_B2C_COMPETITOR_2_COUNTRY_3_2026-02-08\template_cache.joblib
phase2.v1,no_avg_hybrid_weighted_single_attempt_batch,hybrid_weighted__threshold_5p000__w_0p250,hybrid_weighted__threshold_5p000__w_0p250,tuning,hybrid_weighted,COMPETITOR_3_COUNTRY_3,by_competitor,ok,,coarse,195.47710729995742,1294570,220942,378985,1,0.5550444947058758,0.6746190422957044,0.6085533721831611,0.6085533721831611,0.7954044706703672,0.425,0.9242425613962035,0.0,0.6029920775324975,0.0,0.7096496786457862,0.0,0.6519876912840985,0.0,0.8202492960323094,0.0,0.8847949127274166,0.0,0.44316680144375853,0.0,0.5928808908121801,0.0,0.5072066276143071,0.0,0.7374332114925024,0.0,5.0,0.25,mh10,by_competitor,COUNTRY_3/B2C/COMPETITOR_3_COUNTRY_3_2026-02-08,C:\Users\Administrator\Desktop\dippa\src\results\tuning\statistical\no_avg_hybrid_weighted_single_attempt_batch\mh10\by_competitor\COUNTRY_3_B2C_COMPETITOR_3_COUNTRY_3_2026-02-08\hybrid_weighted,C:\Users\Administrator\Desktop\dippa\src\artifacts\cache\statistical_tuning\mh10\by_competitor\COUNTRY_3_B2C_COMPETITOR_3_COUNTRY_3_2026-02-08\template_cache.joblib
phase2.v1,no_avg_hybrid_weighted_single_attempt_batch,hybrid_weighted__threshold_5p000__w_0p250,hybrid_weighted__threshold_5p000__w_0p250,tuning,hybrid_weighted,COMPETITOR_1_COUNTRY_4,by_competitor,ok,,coarse,40.21647199988365,231173,22432,64419,1,0.30450403220586897,0.7859769284806989,0.4385016714262133,0.4385016714262133,0.7920576704774076,0.425,0.8138819543509273,0.0,0.32575757575757575,0.0,0.8051716451181453,0.0,0.46385000642095797,0.0,0.8099962035782726,0.0,0.7575094304475388,0.0,0.25491243058522,0.0,0.7411892563266573,0.0,0.37935555643847596,0.0,0.7502010932420559,0.0,5.0,0.25,mh10,by_competitor,COUNTRY_4/B2B/COMPETITOR_1_COUNTRY_4_2026-02-08,C:\Users\Administrator\Desktop\dippa\src\results\tuning\statistical\no_avg_hybrid_weighted_single_attempt_batch\mh10\by_competitor\COUNTRY_4_B2B_COMPETITOR_1_COUNTRY_4_2026-02-08\hybrid_weighted,C:\Users\Administrator\Desktop\dippa\src\artifacts\cache\statistical_tuning\mh10\by_competitor\COUNTRY_4_B2B_COMPETITOR_1_COUNTRY_4_2026-02-08\template_cache.joblib
phase2.v1,no_avg_hybrid_weighted_single_attempt_batch,hybrid_weighted__threshold_5p000__w_0p250,hybrid_weighted__threshold_5p000__w_0p250,tuning,hybrid_weighted,COMPETITOR_2_COUNTRY_4,by_competitor,ok,,coarse,154.32015189994127,924751,75180,250271,1,0.30602950487713027,0.7843414773125098,0.43984790652192013,0.43984790652192013,0.7922013656622522,0.425,0.8149374833732376,0.0,0.32689080179741214,0.0,0.8031391327480712,0.0,0.4646581245911731,0.0,0.8096672409666863,0.0,0.7603677613467001,0.0,0.2573531453964727,0.0,0.7404802812962001,0.0,0.3819573976936632,0.0,0.7514476566185729,0.0,5.0,0.25,mh10,by_competitor,COUNTRY_4/B2C/COMPETITOR_2_COUNTRY_4_2026-02-08,C:\Users\Administrator\Desktop\dippa\src\results\tuning\statistical\no_avg_hybrid_weighted_single_attempt_batch\mh10\by_competitor\COUNTRY_4_B2C_COMPETITOR_2_COUNTRY_4_2026-02-08\hybrid_weighted,C:\Users\Administrator\Desktop\dippa\src\artifacts\cache\statistical_tuning\mh10\by_competitor\COUNTRY_4_B2C_COMPETITOR_2_COUNTRY_4_2026-02-08\template_cache.joblib
phase2.v1,no_avg_hybrid_weighted_single_attempt_batch,hybrid_weighted__threshold_2p000__w_0p250,hybrid_weighted__threshold_2p000__w_0p250,tuning,hybrid_weighted,COMPETITOR_3_COUNTRY_4,by_competitor,ok,,coarse,0.03427469986490905,32,8,10,1,0.2333333333333333,0.7,0.35,0.35,0.5916079783099616,0.125,0.75,0.0,0.3333333333333333,0.0,1.0,0.0,0.5,0.0,0.8451542547285166,0.0,0.5,0.0,0.0,0.0,0.0,0.0,0.0,0.0,0.0,0.0,2.0,0.25,mh10,by_competitor,COUNTRY_4/B2C/COMPETITOR_3_COUNTRY_4_2026-02-08,C:\Users\Administrator\Desktop\dippa\src\results\tuning\statistical\no_avg_hybrid_weighted_single_attempt_batch\mh10\by_competitor\COUNTRY_4_B2C_COMPETITOR_3_COUNTRY_4_2026-02-08\hybrid_weighted,C:\Users\Administrator\Desktop\dippa\src\artifacts\cache\statistical_tuning\mh10\by_competitor\COUNTRY_4_B2C_COMPETITOR_3_COUNTRY_4_2026-02-08\template_cache.joblib
phase2.v1,no_avg_hybrid_weighted_single_attempt_batch,hybrid_weighted__threshold_3p000__w_0p250,hybrid_weighted__threshold_3p000__w_0p250,tuning,hybrid_weighted,COUNTRY_1,by_country,ok,,coarse,402.51263349992223,3194608,391486,897195,1,0.24180333721663463,0.315360126705925,0.2717321164586999,0.2717321164586999,0.5269740498490455,0.225,0.8400121588000593,0.0,0.23889889489249105,0.0,0.27444569326657814,0.0,0.25544156631518883,0.0,0.4977788566308871,0.0,0.8168971070948902,0.0,0.24858036930630303,0.0,0.4108271380644011,0.0,0.3097434001268924,0.0,0.5950961673580817,0.0,3.0,0.25,mh10,by_country,COUNTRY_1/COUNTRY_1_2026-02-08,C:\Users\Administrator\Desktop\dippa\src\results\tuning\statistical\no_avg_hybrid_weighted_single_attempt_batch\mh10\by_country\COUNTRY_1_COUNTRY_1_2026-02-08\hybrid_weighted,C:\Users\Administrator\Desktop\dippa\src\artifacts\cache\statistical_tuning\mh10\by_country\COUNTRY_1_COUNTRY_1_2026-02-08\template_cache.joblib
phase2.v1,no_avg_hybrid_weighted_single_attempt_batch,hybrid_weighted__threshold_5p000__w_0p250,hybrid_weighted__threshold_5p000__w_0p250,tuning,hybrid_weighted,COUNTRY_2,by_country,ok,,coarse,360.84016879997216,2241617,294832,631896,1,0.30863162314054376,0.6560204440696127,0.4190533289931331,0.4190533289931331,0.7394790526870831,0.425,0.8336917295273241,0.0,0.33553185045596795,0.0,0.6763897839432893,0.0,0.4485531450678723,0.0,0.7587637420565383,0.0,0.7742096800739362,0.0,0.24586442607122075,0.0,0.6084919843643672,0.0,0.3502204248187416,0.0,0.6944814441583548,0.0,5.0,0.25,mh10,by_country,COUNTRY_2/COUNTRY_2_2026-02-08,C:\Users\Administrator\Desktop\dippa\src\results\tuning\statistical\no_avg_hybrid_weighted_single_attempt_batch\mh10\by_country\COUNTRY_2_COUNTRY_2_2026-02-08\hybrid_weighted,C:\Users\Administrator\Desktop\dippa\src\artifacts\cache\statistical_tuning\mh10\by_country\COUNTRY_2_COUNTRY_2_2026-02-08\template_cache.joblib
phase2.v1,no_avg_hybrid_weighted_single_attempt_batch,hybrid_weighted__threshold_4p000__w_0p250,hybrid_weighted__threshold_4p000__w_0p250,tuning,hybrid_weighted,COUNTRY_3,by_country,ok,,coarse,494.15130820008926,3056569,376480,858140,1,0.39781188025176123,0.6996723397858547,0.5062614115658918,0.5062614115658918,0.784340077361483,0.325,0.8784344453888653,0.0,0.43533047647874085,0.0,0.7258552911177221,0.0,0.5442487129186125,0.0,0.8061773307276275,0.0,0.8219008553382898,0.0,0.31026848905547566,0.0,0.6385787866781644,0.0,0.4176243750762102,0.0,0.7333864861738129,0.0,4.0,0.25,mh10,by_country,COUNTRY_3/COUNTRY_3_2026-02-08,C:\Users\Administrator\Desktop\dippa\src\results\tuning\statistical\no_avg_hybrid_weighted_single_attempt_batch\mh10\by_country\COUNTRY_3_COUNTRY_3_2026-02-08\hybrid_weighted,C:\Users\Administrator\Desktop\dippa\src\artifacts\cache\statistical_tuning\mh10\by_country\COUNTRY_3_COUNTRY_3_2026-02-08\template_cache.joblib
phase2.v1,no_avg_hybrid_weighted_single_attempt_batch,hybrid_weighted__threshold_5p000__w_0p250,hybrid_weighted__threshold_5p000__w_0p250,tuning,hybrid_weighted,COUNTRY_4,by_country,ok,,coarse,193.50250740000047,1157379,97622,313275,1,0.30645955990280094,0.7856060409417125,0.4405518298072916,0.4405518298072916,0.7929254246945026,0.425,0.8150724221999139,0.0,0.3277660060658939,0.0,0.8081335791845933,0.0,0.4663769915166563,0.0,0.8119793325926531,0.0,0.7610980767696114,0.0,0.256744518855584,0.0,0.7330417850416574,0.0,0.38029311915210734,0.0,0.7484663062654845,0.0,5.0,0.25,mh10,by_country,COUNTRY_4/COUNTRY_4_2026-02-08,C:\Users\Administrator\Desktop\dippa\src\results\tuning\statistical\no_avg_hybrid_weighted_single_attempt_batch\mh10\by_country\COUNTRY_4_COUNTRY_4_2026-02-08\hybrid_weighted,C:\Users\Administrator\Desktop\dippa\src\artifacts\cache\statistical_tuning\mh10\by_country\COUNTRY_4_COUNTRY_4_2026-02-08\template_cache.joblib
phase2.v1,no_avg_hybrid_weighted_single_attempt_batch,hybrid_weighted__threshold_4p000__w_0p250,hybrid_weighted__threshold_4p000__w_0p250,tuning,hybrid_weighted,GLOBAL,global,ok,,coarse,1582.4864324999508,9650265,1160422,2700412,1,0.3116657259341119,0.5565057818018251,0.3984102292346517,0.3984102292346517,0.6920329438695777,0.325,0.844770264610633,0.0,0.3342334233423342,0.0,0.5567984005791007,0.0,0.4177193912515031,0.0,0.6987005840984037,0.0,0.7965677089273785,0.0,0.2590077653149266,0.0,0.5558230046548487,0.0,0.3533555178619984,0.0,0.6764751166689837,0.0,4.0,0.25,mh10,global,GLOBAL_2026-02-08,C:\Users\Administrator\Desktop\dippa\src\results\tuning\statistical\no_avg_hybrid_weighted_single_attempt_batch\mh10\global\GLOBAL_2026-02-08\hybrid_weighted,C:\Users\Administrator\Desktop\dippa\src\artifacts\cache\statistical_tuning\mh10\global\GLOBAL_2026-02-08\template_cache.joblib
phase2.v1,no_avg_hybrid_weighted_single_attempt_batch,hybrid_weighted__threshold_6p000__w_0p750,hybrid_weighted__threshold_6p000__w_0p750,tuning,hybrid_weighted,COMPETITOR_1_COUNTRY_1,by_competitor,ok,,coarse,10.952093199826777,59707,5104,16306,1,0.3179931622107263,0.8411608324311319,0.46146121996370215,0.46146121996370215,0.8198600594650102,0.525,0.8121081504702194,0.0,0.3310759969902182,0.0,0.8627450980392157,0.0,0.478520935290919,0.0,0.8341417540659422,0.0,0.7831473077394824,0.0,0.2874665477252453,0.0,0.7907975460122699,0.0,0.42165521753352964,0.0,0.7865361053961691,0.0,6.0,0.75,mh15,by_competitor,COUNTRY_1/B2B/COMPETITOR_1_COUNTRY_1_2026-02-08,C:\Users\Administrator\Desktop\dippa\src\results\tuning\statistical\no_avg_hybrid_weighted_single_attempt_batch\mh15\by_competitor\COUNTRY_1_B2B_COMPETITOR_1_COUNTRY_1_2026-02-08\hybrid_weighted,C:\Users\Administrator\Desktop\dippa\src\artifacts\cache\statistical_tuning\mh15\by_competitor\COUNTRY_1_B2B_COMPETITOR_1_COUNTRY_1_2026-02-08\template_cache.joblib
phase2.v1,no_avg_hybrid_weighted_single_attempt_batch,hybrid_weighted__threshold_5p000__w_0p250,hybrid_weighted__threshold_5p000__w_0p250,tuning,hybrid_weighted,COMPETITOR_2_COUNTRY_1,by_competitor,ok,,coarse,131.02540059993044,835686,60688,225001,1,0.27180170601809556,0.7356783739837398,0.3968951679285541,0.3968951679285541,0.7578419379382328,0.425,0.7825764566306354,0.0,0.2794181367997524,0.0,0.7439024390243902,0.0,0.40624578139765116,0.0,0.765086073264015,0.0,0.7612499500002222,0.0,0.25403003419422954,0.0,0.7164888888888888,0.0,0.3750770698339945,0.0,0.740938955511408,0.0,5.0,0.25,mh15,by_competitor,COUNTRY_1/B2C/COMPETITOR_2_COUNTRY_1_2026-02-08,C:\Users\Administrator\Desktop\dippa\src\results\tuning\statistical\no_avg_hybrid_weighted_single_attempt_batch\mh15\by_competitor\COUNTRY_1_B2C_COMPETITOR_2_COUNTRY_1_2026-02-08\hybrid_weighted,C:\Users\Administrator\Desktop\dippa\src\artifacts\cache\statistical_tuning\mh15\by_competitor\COUNTRY_1_B2C_COMPETITOR_2_COUNTRY_1_2026-02-08\template_cache.joblib
phase2.v1,no_avg_hybrid_weighted_single_attempt_batch,hybrid_weighted__threshold_2p000__w_0p250,hybrid_weighted__threshold_2p000__w_0p250,tuning,hybrid_weighted,COMPETITOR_3_COUNTRY_1,by_competitor,ok,,coarse,173.7017006999813,1734443,220640,489260,1,0.2714058952265096,0.22416738056291785,0.24249214438232103,0.24249214438232103,0.4526602768086706,0.125,0.8668736403190718,0.0,0.2610032044993787,0.0,0.1808828861493836,0.0,0.21367956096908045,0.0,0.41302507878869005,0.0,0.8550607039202061,0.0,0.2956788402564817,0.0,0.3251645341944978,0.0,0.3097215056798824,0.0,0.5451424055219585,0.0,2.0,0.25,mh15,by_competitor,COUNTRY_1/B2C/COMPETITOR_3_COUNTRY_1_2026-02-08,C:\Users\Administrator\Desktop\dippa\src\results\tuning\statistical\no_avg_hybrid_weighted_single_attempt_batch\mh15\by_competitor\COUNTRY_1_B2C_COMPETITOR_3_COUNTRY_1_2026-02-08\hybrid_weighted,C:\Users\Administrator\Desktop\dippa\src\artifacts\cache\statistical_tuning\mh15\by_competitor\COUNTRY_1_B2C_COMPETITOR_3_COUNTRY_1_2026-02-08\template_cache.joblib
phase2.v1,no_avg_hybrid_weighted_single_attempt_batch,hybrid_weighted__threshold_4p000__w_0p250,hybrid_weighted__threshold_4p000__w_0p250,tuning,hybrid_weighted,COMPETITOR_1_COUNTRY_2,by_competitor,ok,,coarse,67.43372700014152,364765,28624,99114,1,0.33209050822786296,0.7852274128633728,0.4666952231382673,0.4666952231382673,0.8041245896767855,0.325,0.8306665735047513,0.0,0.3508191793176011,0.0,0.8155136268343816,0.0,0.49059379926431956,0.0,0.8238887941564816,0.0,0.7951449845632302,0.0,0.2883902756851407,0.0,0.7145595802643527,0.0,0.41093187884414534,0.0,0.7580081125574945,0.0,4.0,0.25,mh15,by_competitor,COUNTRY_2/B2B/COMPETITOR_1_COUNTRY_2_2026-02-08,C:\Users\Administrator\Desktop\dippa\src\results\tuning\statistical\no_avg_hybrid_weighted_single_attempt_batch\mh15\by_competitor\COUNTRY_2_B2B_COMPETITOR_1_COUNTRY_2_2026-02-08\hybrid_weighted,C:\Users\Administrator\Desktop\dippa\src\artifacts\cache\statistical_tuning\mh15\by_competitor\COUNTRY_2_B2B_COMPETITOR_1_COUNTRY_2_2026-02-08\template_cache.joblib
phase2.v1,no_avg_hybrid_weighted_single_attempt_batch,hybrid_weighted__threshold_4p000__w_0p250,hybrid_weighted__threshold_4p000__w_0p250,tuning,hybrid_weighted,COMPETITOR_2_COUNTRY_2,by_competitor,ok,,coarse,117.99173999996856,660340,50470,178172,1,0.2743063595318556,0.7867020207056531,0.4066775425879928,0.4066775425879928,0.7771797698330714,0.325,0.7809193580344759,0.0,0.28775250741630176,0.0,0.8072122052704577,0.0,0.42426451444936214,0.0,0.7924704570053489,0.0,0.7436353635812586,0.0,0.24293201446814794,0.0,0.7388449233877757,0.0,0.3656412749114645,0.0,0.7415014997644239,0.0,4.0,0.25,mh15,by_competitor,COUNTRY_2/B2C/COMPETITOR_2_COUNTRY_2_2026-02-08,C:\Users\Administrator\Desktop\dippa\src\results\tuning\statistical\no_avg_hybrid_weighted_single_attempt_batch\mh15\by_competitor\COUNTRY_2_B2C_COMPETITOR_2_COUNTRY_2_2026-02-08\hybrid_weighted,C:\Users\Administrator\Desktop\dippa\src\artifacts\cache\statistical_tuning\mh15\by_competitor\COUNTRY_2_B2C_COMPETITOR_2_COUNTRY_2_2026-02-08\template_cache.joblib
phase2.v1,no_avg_hybrid_weighted_single_attempt_batch,hybrid_weighted__threshold_6p000__w_0p750,hybrid_weighted__threshold_6p000__w_0p750,tuning,hybrid_weighted,COMPETITOR_3_COUNTRY_2,by_competitor,ok,,coarse,71.11846989998594,452091,60194,128173,1,0.36561304976717307,0.7420503792553198,0.4864670437377099,0.4864670437377099,0.7916379121722293,0.525,0.8719307572183274,0.0,0.4237226936270085,0.0,0.7798637647449742,0.0,0.5491021816692987,0.0,0.8294361696915334,0.0,0.7465300804381578,0.0,0.23002388076089045,0.0,0.6538191464461263,0.0,0.3403183885640026,0.0,0.7034419779605198,0.0,6.0,0.75,mh15,by_competitor,COUNTRY_2/B2C/COMPETITOR_3_COUNTRY_2_2026-02-08,C:\Users\Administrator\Desktop\dippa\src\results\tuning\statistical\no_avg_hybrid_weighted_single_attempt_batch\mh15\by_competitor\COUNTRY_2_B2C_COMPETITOR_3_COUNTRY_2_2026-02-08\hybrid_weighted,C:\Users\Administrator\Desktop\dippa\src\artifacts\cache\statistical_tuning\mh15\by_competitor\COUNTRY_2_B2C_COMPETITOR_3_COUNTRY_2_2026-02-08\template_cache.joblib
phase2.v1,no_avg_hybrid_weighted_single_attempt_batch,hybrid_weighted__threshold_4p000__w_0p250,hybrid_weighted__threshold_4p000__w_0p250,tuning,hybrid_weighted,COMPETITOR_1_COUNTRY_3,by_competitor,ok,,coarse,121.27435119985603,683782,51434,183655,1,0.3457111844643016,0.7681853458815422,0.47672524359470203,0.47672524359470203,0.8022091122989913,0.325,0.8397946883384532,0.0,0.361778095153084,0.0,0.7880614427377017,0.0,0.49590113789306256,0.0,0.8162960912004512,0.0,0.8101821349813509,0.0,0.30822172619047616,0.0,0.7218077865505037,0.0,0.43198149023186094,0.0,0.7693394948622516,0.0,4.0,0.25,mh15,by_competitor,COUNTRY_3/B2B/COMPETITOR_1_COUNTRY_3_2026-02-08,C:\Users\Administrator\Desktop\dippa\src\results\tuning\statistical\no_avg_hybrid_weighted_single_attempt_batch\mh15\by_competitor\COUNTRY_3_B2B_COMPETITOR_1_COUNTRY_3_2026-02-08\hybrid_weighted,C:\Users\Administrator\Desktop\dippa\src\artifacts\cache\statistical_tuning\mh15\by_competitor\COUNTRY_3_B2B_COMPETITOR_1_COUNTRY_3_2026-02-08\template_cache.joblib
phase2.v1,no_avg_hybrid_weighted_single_attempt_batch,hybrid_weighted__threshold_4p000__w_0p250,hybrid_weighted__threshold_4p000__w_0p250,tuning,hybrid_weighted,COMPETITOR_2_COUNTRY_3,by_competitor,ok,,coarse,164.79546419996768,909777,69640,244703,1,0.2999142862155397,0.7493600845682635,0.4279921631895936,0.4279921631895936,0.776125884017955,0.325,0.8125646180356118,0.0,0.31768369363434934,0.0,0.7617748420448018,0.0,0.4483793263745087,0.0,0.7894873108247984,0.0,0.7653481976109815,0.0,0.2584523355716506,0.0,0.7203923171230078,0.0,0.38042211575812507,0.0,0.744949221468654,0.0,4.0,0.25,mh15,by_competitor,COUNTRY_3/B2C/COMPETITOR_2_COUNTRY_3_2026-02-08,C:\Users\Administrator\Desktop\dippa\src\results\tuning\statistical\no_avg_hybrid_weighted_single_attempt_batch\mh15\by_competitor\COUNTRY_3_B2C_COMPETITOR_2_COUNTRY_3_2026-02-08\hybrid_weighted,C:\Users\Administrator\Desktop\dippa\src\artifacts\cache\statistical_tuning\mh15\by_competitor\COUNTRY_3_B2C_COMPETITOR_2_COUNTRY_3_2026-02-08\template_cache.joblib
phase2.v1,no_avg_hybrid_weighted_single_attempt_batch,hybrid_weighted__threshold_6p000__w_0p750,hybrid_weighted__threshold_6p000__w_0p750,tuning,hybrid_weighted,COMPETITOR_3_COUNTRY_3,by_competitor,ok,,coarse,85.97086229990236,555911,71714,157202,1,0.5862265204336051,0.7700036565854198,0.6648004190329442,0.6648004190329442,0.8487503510631992,0.525,0.9389798365730541,0.0,0.6544710953907372,0.0,0.8256867940315158,0.0,0.7301763472684671,0.0,0.8863951984185839,0.0,0.8781122377577893,0.0,0.4269891788669637,0.0,0.6400763358778626,0.0,0.5122565864833906,0.0,0.7609123739006348,0.0,6.0,0.75,mh15,by_competitor,COUNTRY_3/B2C/COMPETITOR_3_COUNTRY_3_2026-02-08,C:\Users\Administrator\Desktop\dippa\src\results\tuning\statistical\no_avg_hybrid_weighted_single_attempt_batch\mh15\by_competitor\COUNTRY_3_B2C_COMPETITOR_3_COUNTRY_3_2026-02-08\hybrid_weighted,C:\Users\Administrator\Desktop\dippa\src\artifacts\cache\statistical_tuning\mh15\by_competitor\COUNTRY_3_B2C_COMPETITOR_3_COUNTRY_3_2026-02-08\template_cache.joblib
phase2.v1,no_avg_hybrid_weighted_single_attempt_batch,hybrid_weighted__threshold_5p000__w_0p250,hybrid_weighted__threshold_5p000__w_0p250,tuning,hybrid_weighted,COMPETITOR_1_COUNTRY_4,by_competitor,ok,,coarse,36.024961800081655,201414,16240,54722,1,0.3033393580049604,0.8269623411978221,0.4435925018569436,0.4435925018569436,0.8068424594335235,0.425,0.8063423645320197,0.0,0.3222715587754148,0.0,0.8491379310344828,0.0,0.4672200575978316,0.0,0.8250201105508612,0.0,0.7559299733196886,0.0,0.2591642228739003,0.0,0.7752192982456141,0.0,0.3884615384615385,0.0,0.7644279401597356,0.0,5.0,0.25,mh15,by_competitor,COUNTRY_4/B2B/COMPETITOR_1_COUNTRY_4_2026-02-08,C:\Users\Administrator\Desktop\dippa\src\results\tuning\statistical\no_avg_hybrid_weighted_single_attempt_batch\mh15\by_competitor\COUNTRY_4_B2B_COMPETITOR_1_COUNTRY_4_2026-02-08\hybrid_weighted,C:\Users\Administrator\Desktop\dippa\src\artifacts\cache\statistical_tuning\mh15\by_competitor\COUNTRY_4_B2B_COMPETITOR_1_COUNTRY_4_2026-02-08\template_cache.joblib
phase2.v1,no_avg_hybrid_weighted_single_attempt_batch,hybrid_weighted__threshold_5p000__w_0p250,hybrid_weighted__threshold_5p000__w_0p250,tuning,hybrid_weighted,COMPETITOR_2_COUNTRY_4,by_competitor,ok,,coarse,160.84649160015397,867677,63518,232563,1,0.3018496113162224,0.7959301099799987,0.43733556995533085,0.43733556995533085,0.7946375259136944,0.425,0.8098491766113542,0.0,0.3221097098838293,0.0,0.8164068650606203,0.0,0.4619565217391305,0.0,0.8127555908677601,0.0,0.7557522047789201,0.0,0.2545760479918063,0.0,0.7481510147918816,0.0,0.37988668245979845,0.0,0.7523620410208745,0.0,5.0,0.25,mh15,by_competitor,COUNTRY_4/B2C/COMPETITOR_2_COUNTRY_4_2026-02-08,C:\Users\Administrator\Desktop\dippa\src\results\tuning\statistical\no_avg_hybrid_weighted_single_attempt_batch\mh15\by_competitor\COUNTRY_4_B2C_COMPETITOR_2_COUNTRY_4_2026-02-08\hybrid_weighted,C:\Users\Administrator\Desktop\dippa\src\artifacts\cache\statistical_tuning\mh15\by_competitor\COUNTRY_4_B2C_COMPETITOR_2_COUNTRY_4_2026-02-08\template_cache.joblib
phase2.v1,no_avg_hybrid_weighted_single_attempt_batch,hybrid_weighted__threshold_3p000__w_0p250,hybrid_weighted__threshold_3p000__w_0p250,tuning,hybrid_weighted,COUNTRY_1,by_country,ok,,coarse,314.7595469998196,2632068,286432,728335,1,0.23563468509447463,0.33075260920887223,0.2729898423307881,0.2729898423307881,0.5366913732381896,0.225,0.8348264160429002,0.0,0.23472403796964703,0.0,0.2883427015326607,0.0,0.2587851916840308,0.0,0.5081577079226682,0.0,0.8052105143924155,0.0,0.23775952838573913,0.0,0.42970906045336593,0.0,0.3061340271732219,0.0,0.6032699256410727,0.0,3.0,0.25,mh15,by_country,COUNTRY_1/COUNTRY_1_2026-02-08,C:\Users\Administrator\Desktop\dippa\src\results\tuning\statistical\no_avg_hybrid_weighted_single_attempt_batch\mh15\by_country\COUNTRY_1_COUNTRY_1_2026-02-08\hybrid_weighted,C:\Users\Administrator\Desktop\dippa\src\artifacts\cache\statistical_tuning\mh15\by_country\COUNTRY_1_COUNTRY_1_2026-02-08\template_cache.joblib
phase2.v1,no_avg_hybrid_weighted_single_attempt_batch,hybrid_weighted__threshold_5p000__w_0p250,hybrid_weighted__threshold_5p000__w_0p250,tuning,hybrid_weighted,COUNTRY_2,by_country,ok,,coarse,245.39110939996317,1478962,139290,403691,1,0.3221358304046126,0.748631035528323,0.4497505081024854,0.4497505081024854,0.7840884673392343,0.425,0.8348696963170364,0.0,0.35265072765072764,0.0,0.7793811472467513,0.0,0.4855858475163823,0.0,0.8096214509460253,0.0,0.7656326249532439,0.0,0.25093440349701085,0.0,0.6768807748519904,0.0,0.3661347161367261,0.0,0.7245115055900554,0.0,5.0,0.25,mh15,by_country,COUNTRY_2/COUNTRY_2_2026-02-08,C:\Users\Administrator\Desktop\dippa\src\results\tuning\statistical\no_avg_hybrid_weighted_single_attempt_batch\mh15\by_country\COUNTRY_2_COUNTRY_2_2026-02-08\hybrid_weighted,C:\Users\Administrator\Desktop\dippa\src\artifacts\cache\statistical_tuning\mh15\by_country\COUNTRY_2_COUNTRY_2_2026-02-08\template_cache.joblib
phase2.v1,no_avg_hybrid_weighted_single_attempt_batch,hybrid_weighted__threshold_4p000__w_0p250,hybrid_weighted__threshold_4p000__w_0p250,tuning,hybrid_weighted,COUNTRY_3,by_country,ok,,coarse,356.4363353000954,2148858,192792,586168,1,0.36105105834666396,0.7667812299742555,0.49047381253958366,0.49047381253958366,0.805654904131777,0.325,0.856176604838375,0.0,0.39276557938824724,0.0,0.8025831215311997,0.0,0.5274227085250707,0.0,0.8318245513576615,0.0,0.7986294031745165,0.0,0.28705050924963627,0.0,0.6832434830080524,0.0,0.4042597219067807,0.0,0.7445923939380465,0.0,4.0,0.25,mh15,by_country,COUNTRY_3/COUNTRY_3_2026-02-08,C:\Users\Administrator\Desktop\dippa\src\results\tuning\statistical\no_avg_hybrid_weighted_single_attempt_batch\mh15\by_country\COUNTRY_3_COUNTRY_3_2026-02-08\hybrid_weighted,C:\Users\Administrator\Desktop\dippa\src\artifacts\cache\statistical_tuning\mh15\by_country\COUNTRY_3_COUNTRY_3_2026-02-08\template_cache.joblib
phase2.v1,no_avg_hybrid_weighted_single_attempt_batch,hybrid_weighted__threshold_5p000__w_0p250,hybrid_weighted__threshold_5p000__w_0p250,tuning,hybrid_weighted,COUNTRY_4,by_country,ok,,coarse,188.22252920013852,1069184,79760,287190,1,0.3019690023477839,0.8062931377439536,0.43888339746509675,0.43888339746509675,0.79812753752898,0.425,0.8106695085255767,0.0,0.3248955517326124,0.0,0.8287362086258776,0.0,0.46679142685639624,0.0,0.8186376247531495,0.0,0.7473623733416902,0.0,0.2484737204498508,0.0,0.7539259723527978,0.0,0.37376466221873134,0.0,0.7502706673392515,0.0,5.0,0.25,mh15,by_country,COUNTRY_4/COUNTRY_4_2026-02-08,C:\Users\Administrator\Desktop\dippa\src\results\tuning\statistical\no_avg_hybrid_weighted_single_attempt_batch\mh15\by_country\COUNTRY_4_COUNTRY_4_2026-02-08\hybrid_weighted,C:\Users\Administrator\Desktop\dippa\src\artifacts\cache\statistical_tuning\mh15\by_country\COUNTRY_4_COUNTRY_4_2026-02-08\template_cache.joblib
phase2.v1,no_avg_hybrid_weighted_single_attempt_batch,hybrid_weighted__threshold_4p000__w_0p250,hybrid_weighted__threshold_4p000__w_0p250,tuning,hybrid_weighted,GLOBAL,global,ok,,coarse,1143.7764006000943,7325876,698274,2008580,1,0.2917294994796651,0.5660811536085059,0.3837623529672059,0.3837623529672059,0.6911343788886087,0.325,0.8321618734193168,0.0,0.31130797788435494,0.0,0.5596116115542699,0.0,0.4000634761375794,0.0,0.6947188355336522,0.0,0.7800291748399367,0.0,0.2460463832020555,0.0,0.5811767517350566,0.0,0.34572639890300116,0.0,0.6827706467168408,0.0,4.0,0.25,mh15,global,GLOBAL_2026-02-08,C:\Users\Administrator\Desktop\dippa\src\results\tuning\statistical\no_avg_hybrid_weighted_single_attempt_batch\mh15\global\GLOBAL_2026-02-08\hybrid_weighted,C:\Users\Administrator\Desktop\dippa\src\artifacts\cache\statistical_tuning\mh15\global\GLOBAL_2026-02-08\template_cache.joblib
phase2.v1,no_avg_hybrid_weighted_single_attempt_batch,hybrid_weighted__threshold_6p000__w_0p250,hybrid_weighted__threshold_6p000__w_0p250,tuning,hybrid_weighted,COMPETITOR_1_COUNTRY_1,by_competitor,ok,,coarse,7.860355300130323,48187,3536,13005,1,0.27515759963938546,0.8629446502505993,0.417236721882507,0.417236721882507,0.8032130270784938,0.525,0.7590497737556561,0.0,0.2774308652988403,0.0,0.8810198300283286,0.0,0.4219810040705563,0.0,0.8104447095810109,0.0,0.7600922722029988,0.0,0.2698533131006576,0.0,0.8207692307692308,0.0,0.40616673011039206,0.0,0.7863391012392879,0.0,6.0,0.25,mh20,by_competitor,COUNTRY_1/B2B/COMPETITOR_1_COUNTRY_1_2026-02-08,C:\Users\Administrator\Desktop\dippa\src\results\tuning\statistical\no_avg_hybrid_weighted_single_attempt_batch\mh20\by_competitor\COUNTRY_1_B2B_COMPETITOR_1_COUNTRY_1_2026-02-08\hybrid_weighted,C:\Users\Administrator\Desktop\dippa\src\artifacts\cache\statistical_tuning\mh20\by_competitor\COUNTRY_1_B2B_COMPETITOR_1_COUNTRY_1_2026-02-08\template_cache.joblib
phase2.v1,no_avg_hybrid_weighted_single_attempt_batch,hybrid_weighted__threshold_5p000__w_0p250,hybrid_weighted__threshold_5p000__w_0p250,tuning,hybrid_weighted,COMPETITOR_2_COUNTRY_1,by_competitor,ok,,coarse,117.62629970000125,780012,53106,208418,1,0.2667033685860795,0.7504794466144933,0.3934874027440263,0.3934874027440263,0.7603546477483094,0.425,0.7752231386284035,0.0,0.2742078364565588,0.0,0.7578154425612053,0.0,0.4027020265198899,0.0,0.767425331715933,0.0,0.7523870299110441,0.0,0.24919294355496135,0.0,0.7333621227388321,0.0,0.3719866139336781,0.0,0.743856385157188,0.0,5.0,0.25,mh20,by_competitor,COUNTRY_1/B2C/COMPETITOR_2_COUNTRY_1_2026-02-08,C:\Users\Administrator\Desktop\dippa\src\results\tuning\statistical\no_avg_hybrid_weighted_single_attempt_batch\mh20\by_competitor\COUNTRY_1_B2C_COMPETITOR_2_COUNTRY_1_2026-02-08\hybrid_weighted,C:\Users\Administrator\Desktop\dippa\src\artifacts\cache\statistical_tuning\mh20\by_competitor\COUNTRY_1_B2C_COMPETITOR_2_COUNTRY_1_2026-02-08\template_cache.joblib
phase2.v1,no_avg_hybrid_weighted_single_attempt_batch,hybrid_weighted__threshold_2p000__w_0p750,hybrid_weighted__threshold_2p000__w_0p750,tuning,hybrid_weighted,COMPETITOR_3_COUNTRY_1,by_competitor,ok,,coarse,48.08363289991394,468724,49456,129490,1,0.27763795838351235,0.2874226796717714,0.2777077934295469,0.2777077934295469,0.5082812470137535,0.125,0.8622816240698803,0.0,0.27849002849002846,0.0,0.2372093023255814,0.0,0.25619744457791854,0.0,0.4701210227764783,0.0,0.8341416325584987,0.0,0.2756497948016416,0.0,0.4045872268128813,0.0,0.3278986074166797,0.0,0.5973217702340624,0.0,2.0,0.75,mh20,by_competitor,COUNTRY_1/B2C/COMPETITOR_3_COUNTRY_1_2026-02-08,C:\Users\Administrator\Desktop\dippa\src\results\tuning\statistical\no_avg_hybrid_weighted_single_attempt_batch\mh20\by_competitor\COUNTRY_1_B2C_COMPETITOR_3_COUNTRY_1_2026-02-08\hybrid_weighted,C:\Users\Administrator\Desktop\dippa\src\artifacts\cache\statistical_tuning\mh20\by_competitor\COUNTRY_1_B2C_COMPETITOR_3_COUNTRY_1_2026-02-08\template_cache.joblib
phase2.v1,no_avg_hybrid_weighted_single_attempt_batch,hybrid_weighted__threshold_4p000__w_0p250,hybrid_weighted__threshold_4p000__w_0p250,tuning,hybrid_weighted,COMPETITOR_1_COUNTRY_2,by_competitor,ok,,coarse,47.204316899878904,315481,21784,83980,1,0.3295008597290652,0.7877080139112224,0.4646018413639931,0.4646018413639931,0.8042855212844984,0.325,0.826707675358061,0.0,0.3447404238771145,0.0,0.8140495867768595,0.0,0.4843600601010791,0.0,0.8210516009698297,0.0,0.7981781376518219,0.0,0.2939418767169502,0.0,0.7262443438914027,0.0,0.41849933097745906,0.0,0.7651646686853925,0.0,4.0,0.25,mh20,by_competitor,COUNTRY_2/B2B/COMPETITOR_1_COUNTRY_2_2026-02-08,C:\Users\Administrator\Desktop\dippa\src\results\tuning\statistical\no_avg_hybrid_weighted_single_attempt_batch\mh20\by_competitor\COUNTRY_2_B2B_COMPETITOR_1_COUNTRY_2_2026-02-08\hybrid_weighted,C:\Users\Administrator\Desktop\dippa\src\artifacts\cache\statistical_tuning\mh20\by_competitor\COUNTRY_2_B2B_COMPETITOR_1_COUNTRY_2_2026-02-08\template_cache.joblib
phase2.v1,no_avg_hybrid_weighted_single_attempt_batch,hybrid_weighted__threshold_4p000__w_0p250,hybrid_weighted__threshold_4p000__w_0p250,tuning,hybrid_weighted,COMPETITOR_2_COUNTRY_2,by_competitor,ok,,coarse,91.23479170002975,591294,41032,157768,1,0.26834311866285593,0.8058826835506993,0.4025760772980955,0.4025760772980955,0.7801212285373009,0.325,0.7697894326379411,0.0,0.2798879459503996,0.0,0.8279307823543749,0.0,0.41834975369458133,0.0,0.7949742762263179,0.0,0.7383816743572841,0.0,0.24140518832525404,0.0,0.7544371196754563,0.0,0.36577083237296204,0.0,0.7454641172629278,0.0,4.0,0.25,mh20,by_competitor,COUNTRY_2/B2C/COMPETITOR_2_COUNTRY_2_2026-02-08,C:\Users\Administrator\Desktop\dippa\src\results\tuning\statistical\no_avg_hybrid_weighted_single_attempt_batch\mh20\by_competitor\COUNTRY_2_B2C_COMPETITOR_2_COUNTRY_2_2026-02-08\hybrid_weighted,C:\Users\Administrator\Desktop\dippa\src\artifacts\cache\statistical_tuning\mh20\by_competitor\COUNTRY_2_B2C_COMPETITOR_2_COUNTRY_2_2026-02-08\template_cache.joblib
phase2.v1,no_avg_hybrid_weighted_single_attempt_batch,hybrid_weighted__threshold_6p000__w_0p750,hybrid_weighted__threshold_6p000__w_0p750,tuning,hybrid_weighted,COMPETITOR_3_COUNTRY_2,by_competitor,ok,,coarse,11.062170200049877,67647,6984,18711,1,0.4232992423416038,0.8742569056585281,0.5645606896141264,0.5645606896141264,0.8606224068963602,0.525,0.9020618556701031,0.0,0.505443234836703,0.0,0.9312320916905444,0.0,0.655241935483871,0.0,0.9148839370146236,0.0,0.7282347282347282,0.0,0.23162992651970607,0.0,0.7413148049171566,0.0,0.35297111591805574,0.0,0.7340121699537459,0.0,6.0,0.75,mh20,by_competitor,COUNTRY_2/B2C/COMPETITOR_3_COUNTRY_2_2026-02-08,C:\Users\Administrator\Desktop\dippa\src\results\tuning\statistical\no_avg_hybrid_weighted_single_attempt_batch\mh20\by_competitor\COUNTRY_2_B2C_COMPETITOR_3_COUNTRY_2_2026-02-08\hybrid_weighted,C:\Users\Administrator\Desktop\dippa\src\artifacts\cache\statistical_tuning\mh20\by_competitor\COUNTRY_2_B2C_COMPETITOR_3_COUNTRY_2_2026-02-08\template_cache.joblib
phase2.v1,no_avg_hybrid_weighted_single_attempt_batch,hybrid_weighted__threshold_4p000__w_0p250,hybrid_weighted__threshold_4p000__w_0p250,tuning,hybrid_weighted,COMPETITOR_1_COUNTRY_3,by_competitor,ok,,coarse,110.66994869988412,620092,42868,165753,1,0.3454944212624322,0.7788093318665632,0.47846823708941577,0.47846823708941577,0.8065382167194273,0.325,0.839297377997574,0.0,0.3617043884815641,0.0,0.7942137190853943,0.0,0.49704314813462797,0.0,0.818876741775651,0.0,0.8071286794205836,0.0,0.30767116441779113,0.0,0.7428657616892911,0.0,0.43512677798392085,0.0,0.7777483249215722,0.0,4.0,0.25,mh20,by_competitor,COUNTRY_3/B2B/COMPETITOR_1_COUNTRY_3_2026-02-08,C:\Users\Administrator\Desktop\dippa\src\results\tuning\statistical\no_avg_hybrid_weighted_single_attempt_batch\mh20\by_competitor\COUNTRY_3_B2B_COMPETITOR_1_COUNTRY_3_2026-02-08\hybrid_weighted,C:\Users\Administrator\Desktop\dippa\src\artifacts\cache\statistical_tuning\mh20\by_competitor\COUNTRY_3_B2B_COMPETITOR_1_COUNTRY_3_2026-02-08\template_cache.joblib
phase2.v1,no_avg_hybrid_weighted_single_attempt_batch,hybrid_weighted__threshold_4p000__w_0p250,hybrid_weighted__threshold_4p000__w_0p250,tuning,hybrid_weighted,COMPETITOR_2_COUNTRY_3,by_competitor,ok,,coarse,137.3424313000869,818505,57310,218437,1,0.29679055086160216,0.7664839738080083,0.4275632637433213,0.4275632637433213,0.781337386692562,0.325,0.8077473390333275,0.0,0.3144261144261144,0.0,0.7815389984295934,0.0,0.4484381257509011,0.0,0.7959660278384603,0.0,0.7601917257607457,0.0,0.2556409025444071,0.0,0.7313555830243098,0.0,0.3788552523923019,0.0,0.7472038906854661,0.0,4.0,0.25,mh20,by_competitor,COUNTRY_3/B2C/COMPETITOR_2_COUNTRY_3_2026-02-08,C:\Users\Administrator\Desktop\dippa\src\results\tuning\statistical\no_avg_hybrid_weighted_single_attempt_batch\mh20\by_competitor\COUNTRY_3_B2C_COMPETITOR_2_COUNTRY_3_2026-02-08\hybrid_weighted,C:\Users\Administrator\Desktop\dippa\src\artifacts\cache\statistical_tuning\mh20\by_competitor\COUNTRY_3_B2C_COMPETITOR_2_COUNTRY_3_2026-02-08\template_cache.joblib
phase2.v1,no_avg_hybrid_weighted_single_attempt_batch,hybrid_weighted__threshold_6p000__w_0p250,hybrid_weighted__threshold_6p000__w_0p250,tuning,hybrid_weighted,COMPETITOR_3_COUNTRY_3,by_competitor,ok,,coarse,20.193670200183988,138282,13820,38073,1,0.5534914302545302,0.8407608689454302,0.6663131512376904,0.6663131512376904,0.8788108193223048,0.525,0.9375542691751085,0.0,0.6295556665002496,0.0,0.9124457308248914,0.0,0.7450516986706056,0.0,0.9262898929213503,0.0,0.855593202531978,0.0,0.3760082123478516,0.0,0.6734961912266877,0.0,0.48258987389422175,0.0,0.7680263142578652,0.0,6.0,0.25,mh20,by_competitor,COUNTRY_3/B2C/COMPETITOR_3_COUNTRY_3_2026-02-08,C:\Users\Administrator\Desktop\dippa\src\results\tuning\statistical\no_avg_hybrid_weighted_single_attempt_batch\mh20\by_competitor\COUNTRY_3_B2C_COMPETITOR_3_COUNTRY_3_2026-02-08\hybrid_weighted,C:\Users\Administrator\Desktop\dippa\src\artifacts\cache\statistical_tuning\mh20\by_competitor\COUNTRY_3_B2C_COMPETITOR_3_COUNTRY_3_2026-02-08\template_cache.joblib
phase2.v1,no_avg_hybrid_weighted_single_attempt_batch,hybrid_weighted__threshold_5p000__w_0p250,hybrid_weighted__threshold_5p000__w_0p250,tuning,hybrid_weighted,COMPETITOR_1_COUNTRY_4,by_competitor,ok,,coarse,30.24118039989844,172386,12296,46200,1,0.29371148214008036,0.8430990774888252,0.4353718318520349,0.4353718318520349,0.8072088081480195,0.425,0.7961938841899805,0.0,0.3124816446402349,0.0,0.8657445077298617,0.0,0.45921450151057397,0.0,0.8262044349681031,0.0,0.7418398268398269,0.0,0.24991443630638646,0.0,0.7902597402597402,0.0,0.3797389359821103,0.0,0.7628856789011582,0.0,5.0,0.25,mh20,by_competitor,COUNTRY_4/B2B/COMPETITOR_1_COUNTRY_4_2026-02-08,C:\Users\Administrator\Desktop\dippa\src\results\tuning\statistical\no_avg_hybrid_weighted_single_attempt_batch\mh20\by_competitor\COUNTRY_4_B2B_COMPETITOR_1_COUNTRY_4_2026-02-08\hybrid_weighted,C:\Users\Administrator\Desktop\dippa\src\artifacts\cache\statistical_tuning\mh20\by_competitor\COUNTRY_4_B2B_COMPETITOR_1_COUNTRY_4_2026-02-08\template_cache.joblib
phase2.v1,no_avg_hybrid_weighted_single_attempt_batch,hybrid_weighted__threshold_5p000__w_0p250,hybrid_weighted__threshold_5p000__w_0p250,tuning,hybrid_weighted,COMPETITOR_2_COUNTRY_4,by_competitor,ok,,coarse,137.60477390000597,803851,54910,214314,1,0.29939474946947725,0.8039948190319041,0.43580392904235765,0.43580392904235765,0.7960518188234808,0.425,0.8082862866508833,0.0,0.32106310403638433,0.0,0.8228009470041887,0.0,0.46189234779941724,0.0,0.8146973413945049,0.0,0.7465587875733737,0.0,0.2488352554800275,0.0,0.7601138537632401,0.0,0.374930951942552,0.0,0.7525455994910913,0.0,5.0,0.25,mh20,by_competitor,COUNTRY_4/B2C/COMPETITOR_2_COUNTRY_4_2026-02-08,C:\Users\Administrator\Desktop\dippa\src\results\tuning\statistical\no_avg_hybrid_weighted_single_attempt_batch\mh20\by_competitor\COUNTRY_4_B2C_COMPETITOR_2_COUNTRY_4_2026-02-08\hybrid_weighted,C:\Users\Administrator\Desktop\dippa\src\artifacts\cache\statistical_tuning\mh20\by_competitor\COUNTRY_4_B2C_COMPETITOR_2_COUNTRY_4_2026-02-08\template_cache.joblib
phase2.v1,no_avg_hybrid_weighted_single_attempt_batch,hybrid_weighted__threshold_4p000__w_0p250,hybrid_weighted__threshold_4p000__w_0p250,tuning,hybrid_weighted,COUNTRY_1,by_country,ok,,coarse,192.03417339990847,1298103,106100,349731,1,0.23336957397184696,0.4897390463029336,0.3153034101444976,0.3153034101444976,0.6329312924807915,0.325,0.797172478793591,0.0,0.2361675372412459,0.0,0.46022620169651274,0.0,0.3121524004346993,0.0,0.6197659471655125,0.0,0.7654683170779828,0.0,0.22684099300991617,0.0,0.5586023503845824,0.0,0.322655766134027,0.0,0.6636504315497761,0.0,4.0,0.25,mh20,by_country,COUNTRY_1/COUNTRY_1_2026-02-08,C:\Users\Administrator\Desktop\dippa\src\results\tuning\statistical\no_avg_hybrid_weighted_single_attempt_batch\mh20\by_country\COUNTRY_1_COUNTRY_1_2026-02-08\hybrid_weighted,C:\Users\Administrator\Desktop\dippa\src\artifacts\cache\statistical_tuning\mh20\by_country\COUNTRY_1_COUNTRY_1_2026-02-08\template_cache.joblib
phase2.v1,no_avg_hybrid_weighted_single_attempt_batch,hybrid_weighted__threshold_4p000__w_0p250,hybrid_weighted__threshold_4p000__w_0p250,tuning,hybrid_weighted,COUNTRY_2,by_country,ok,,coarse,167.37138310004957,974356,69802,260523,1,0.28754195449430586,0.7959650986763523,0.42245050875940604,0.42245050875940604,0.7875448193661083,0.325,0.7942609094295292,0.0,0.3073751239626285,0.0,0.8436962750716333,0.0,0.4505910708137266,0.0,0.8157700949590976,0.0,0.7531695857947283,0.0,0.24126455906821964,0.0,0.6845923537540304,0.0,0.3567891972993248,0.0,0.7216858429824669,0.0,4.0,0.25,mh20,by_country,COUNTRY_2/COUNTRY_2_2026-02-08,C:\Users\Administrator\Desktop\dippa\src\results\tuning\statistical\no_avg_hybrid_weighted_single_attempt_batch\mh20\by_country\COUNTRY_2_COUNTRY_2_2026-02-08\hybrid_weighted,C:\Users\Administrator\Desktop\dippa\src\artifacts\cache\statistical_tuning\mh20\by_country\COUNTRY_2_COUNTRY_2_2026-02-08\template_cache.joblib
phase2.v1,no_avg_hybrid_weighted_single_attempt_batch,hybrid_weighted__threshold_4p000__w_0p250,hybrid_weighted__threshold_4p000__w_0p250,tuning,hybrid_weighted,COUNTRY_3,by_country,ok,,coarse,269.2107494000811,1575974,114000,423166,1,0.3237397226464332,0.7748732576786517,0.45645429331058296,0.45645429331058296,0.795951302252903,0.325,0.8307894736842105,0.0,0.35125556142070735,0.0,0.8171929824561404,0.0,0.4913242972417067,0.0,0.8247119973633967,0.0,0.7747148873019098,0.0,0.25953609883979356,0.0,0.6761272331978447,0.0,0.37509095080462784,0.0,0.728843013661751,0.0,4.0,0.25,mh20,by_country,COUNTRY_3/COUNTRY_3_2026-02-08,C:\Users\Administrator\Desktop\dippa\src\results\tuning\statistical\no_avg_hybrid_weighted_single_attempt_batch\mh20\by_country\COUNTRY_3_COUNTRY_3_2026-02-08\hybrid_weighted,C:\Users\Administrator\Desktop\dippa\src\artifacts\cache\statistical_tuning\mh20\by_country\COUNTRY_3_COUNTRY_3_2026-02-08\template_cache.joblib
phase2.v1,no_avg_hybrid_weighted_single_attempt_batch,hybrid_weighted__threshold_5p000__w_0p250,hybrid_weighted__threshold_5p000__w_0p250,tuning,hybrid_weighted,COUNTRY_4,by_country,ok,,coarse,171.31419240008108,975854,67208,260895,1,0.29821439649667286,0.8133268171770989,0.4360144643815886,0.4360144643815886,0.7990464439164099,0.425,0.8050678490655875,0.0,0.31852568113304136,0.0,0.8333333333333334,0.0,0.46088638327640835,0.0,0.817479691425665,0.0,0.747680101190134,0.0,0.2508213990118131,0.0,0.7666449461458852,0.0,0.37797998696034246,0.0,0.7560355330614814,0.0,5.0,0.25,mh20,by_country,COUNTRY_4/COUNTRY_4_2026-02-08,C:\Users\Administrator\Desktop\dippa\src\results\tuning\statistical\no_avg_hybrid_weighted_single_attempt_batch\mh20\by_country\COUNTRY_4_COUNTRY_4_2026-02-08\hybrid_weighted,C:\Users\Administrator\Desktop\dippa\src\artifacts\cache\statistical_tuning\mh20\by_country\COUNTRY_4_COUNTRY_4_2026-02-08\template_cache.joblib
phase2.v1,no_avg_hybrid_weighted_single_attempt_batch,hybrid_weighted__threshold_4p000__w_0p250,hybrid_weighted__threshold_4p000__w_0p250,tuning,hybrid_weighted,GLOBAL,global,ok,,coarse,802.316218300024,4822801,357112,1295799,1,0.26580640398346195,0.6574027891065133,0.3780847281815543,0.3780847281815543,0.7234565446233288,0.325,0.7968816505746097,0.0,0.2811708917174742,0.0,0.6624849486152726,0.0,0.3947869038480793,0.0,0.7333586459376816,0.0,0.7483853591490656,0.0,0.22995593260409994,0.0,0.6455444169194082,0.0,0.3391129849596627,0.0,0.7003516415565056,0.0,4.0,0.25,mh20,global,GLOBAL_2026-02-08,C:\Users\Administrator\Desktop\dippa\src\results\tuning\statistical\no_avg_hybrid_weighted_single_attempt_batch\mh20\global\GLOBAL_2026-02-08\hybrid_weighted,C:\Users\Administrator\Desktop\dippa\src\artifacts\cache\statistical_tuning\mh20\global\GLOBAL_2026-02-08\template_cache.joblib
phase2.v1,no_avg_hybrid_weighted_single_attempt_batch,hybrid_weighted__threshold_6p000__w_0p750,hybrid_weighted__threshold_6p000__w_0p750,tuning,hybrid_weighted,COMPETITOR_1_COUNTRY_1,by_competitor,ok,,coarse,7.210830800002441,39169,2636,10601,1,0.2753291885392533,0.8874424277207834,0.420259214292929,0.420259214292929,0.8108050016602715,0.525,0.757587253414264,0.0,0.27985948477751754,0.0,0.908745247148289,0.0,0.42793196060877353,0.0,0.820505775711451,0.0,0.751155551363079,0.0,0.26475849731663686,0.0,0.8377358490566038,0.0,0.4023561395559584,0.0,0.7881698622075194,0.0,6.0,0.75,mh25,by_competitor,COUNTRY_1/B2B/COMPETITOR_1_COUNTRY_1_2026-02-08,C:\Users\Administrator\Desktop\dippa\src\results\tuning\statistical\no_avg_hybrid_weighted_single_attempt_batch\mh25\by_competitor\COUNTRY_1_B2B_COMPETITOR_1_COUNTRY_1_2026-02-08\hybrid_weighted,C:\Users\Administrator\Desktop\dippa\src\artifacts\cache\statistical_tuning\mh25\by_competitor\COUNTRY_1_B2B_COMPETITOR_1_COUNTRY_1_2026-02-08\template_cache.joblib
phase2.v1,no_avg_hybrid_weighted_single_attempt_batch,hybrid_weighted__threshold_5p000__w_0p250,hybrid_weighted__threshold_5p000__w_0p250,tuning,hybrid_weighted,COMPETITOR_2_COUNTRY_1,by_competitor,ok,,coarse,123.40593540016562,721653,47216,191790,1,0.2650455931167126,0.7590960816103904,0.3928879898493116,0.3928879898493116,0.7624912175944082,0.425,0.7706074212131481,0.0,0.2719127967746752,0.0,0.7714467273882653,0.0,0.40209770908087217,0.0,0.7709803117663157,0.0,0.7527973304134731,0.0,0.2490221179147998,0.0,0.7302779081286824,0.0,0.37139864497567054,0.0,0.742683331193291,0.0,5.0,0.25,mh25,by_competitor,COUNTRY_1/B2C/COMPETITOR_2_COUNTRY_1_2026-02-08,C:\Users\Administrator\Desktop\dippa\src\results\tuning\statistical\no_avg_hybrid_weighted_single_attempt_batch\mh25\by_competitor\COUNTRY_1_B2C_COMPETITOR_2_COUNTRY_1_2026-02-08\hybrid_weighted,C:\Users\Administrator\Desktop\dippa\src\artifacts\cache\statistical_tuning\mh25\by_competitor\COUNTRY_1_B2C_COMPETITOR_2_COUNTRY_1_2026-02-08\template_cache.joblib
phase2.v1,no_avg_hybrid_weighted_single_attempt_batch,hybrid_weighted__threshold_6p000__w_0p750,hybrid_weighted__threshold_6p000__w_0p750,tuning,hybrid_weighted,COMPETITOR_3_COUNTRY_1,by_competitor,ok,,coarse,0.4074171001557261,2624,222,717,1,0.4263157894736842,0.6674135723431497,0.5177018633540372,0.5177018633540372,0.7741223725169509,0.525,0.8648648648648649,0.0,0.39473684210526316,0.0,0.6818181818181818,0.0,0.5,0.0,0.7767941110159698,0.0,0.900976290097629,0.0,0.5,0.0,0.6338028169014085,0.0,0.5590062111801243,0.0,0.7678883160192402,0.0,6.0,0.75,mh25,by_competitor,COUNTRY_1/B2C/COMPETITOR_3_COUNTRY_1_2026-02-08,C:\Users\Administrator\Desktop\dippa\src\results\tuning\statistical\no_avg_hybrid_weighted_single_attempt_batch\mh25\by_competitor\COUNTRY_1_B2C_COMPETITOR_3_COUNTRY_1_2026-02-08\hybrid_weighted,C:\Users\Administrator\Desktop\dippa\src\artifacts\cache\statistical_tuning\mh25\by_competitor\COUNTRY_1_B2C_COMPETITOR_3_COUNTRY_1_2026-02-08\template_cache.joblib
phase2.v1,no_avg_hybrid_weighted_single_attempt_batch,hybrid_weighted__threshold_4p000__w_0p250,hybrid_weighted__threshold_4p000__w_0p250,tuning,hybrid_weighted,COMPETITOR_1_COUNTRY_2,by_competitor,ok,,coarse,49.65244599990547,282269,18456,75178,1,0.32275435878349223,0.7764890277611037,0.4559705955619523,0.4559705955619523,0.7972627539371209,0.325,0.820654529692241,0.0,0.33408833522083803,0.0,0.7994579945799458,0.0,0.4712460063897763,0.0,0.8111479546844736,0.0,0.8006331639575408,0.0,0.2963084137630187,0.0,0.7228947718504722,0.0,0.42032797029702973,0.0,0.764863952193298,0.0,4.0,0.25,mh25,by_competitor,COUNTRY_2/B2B/COMPETITOR_1_COUNTRY_2_2026-02-08,C:\Users\Administrator\Desktop\dippa\src\results\tuning\statistical\no_avg_hybrid_weighted_single_attempt_batch\mh25\by_competitor\COUNTRY_2_B2B_COMPETITOR_1_COUNTRY_2_2026-02-08\hybrid_weighted,C:\Users\Administrator\Desktop\dippa\src\artifacts\cache\statistical_tuning\mh25\by_competitor\COUNTRY_2_B2B_COMPETITOR_1_COUNTRY_2_2026-02-08\template_cache.joblib
phase2.v1,no_avg_hybrid_weighted_single_attempt_batch,hybrid_weighted__threshold_5p000__w_0p250,hybrid_weighted__threshold_5p000__w_0p250,tuning,hybrid_weighted,COMPETITOR_2_COUNTRY_2,by_competitor,ok,,coarse,91.58876940002665,528177,34726,140731,1,0.28967733840221743,0.7826893983674985,0.42281825136663664,0.42281825136663664,0.7844649151108422,0.425,0.7939008235903934,0.0,0.3010474030882194,0.0,0.8029953917050692,0.0,0.4379172229639519,0.0,0.7979269550958287,0.0,0.7676347073494824,0.0,0.2631471874682128,0.0,0.7353087472465004,0.0,0.3875873176395678,0.0,0.7530534884792071,0.0,5.0,0.25,mh25,by_competitor,COUNTRY_2/B2C/COMPETITOR_2_COUNTRY_2_2026-02-08,C:\Users\Administrator\Desktop\dippa\src\results\tuning\statistical\no_avg_hybrid_weighted_single_attempt_batch\mh25\by_competitor\COUNTRY_2_B2C_COMPETITOR_2_COUNTRY_2_2026-02-08\hybrid_weighted,C:\Users\Administrator\Desktop\dippa\src\artifacts\cache\statistical_tuning\mh25\by_competitor\COUNTRY_2_B2C_COMPETITOR_2_COUNTRY_2_2026-02-08\template_cache.joblib
phase2.v1,no_avg_hybrid_weighted_single_attempt_batch,hybrid_weighted__threshold_4p000__w_0p250,hybrid_weighted__threshold_4p000__w_0p250,tuning,hybrid_weighted,COMPETITOR_3_COUNTRY_2,by_competitor,ok,,coarse,0.7462889000307769,5566,392,1487,1,0.3142531556802244,0.7339397089397088,0.42625482625482625,0.42625482625482625,0.748593219300892,0.325,0.8545918367346939,0.0,0.375,0.0,0.6923076923076923,0.0,0.48648648648648646,0.0,0.7772085760112329,0.0,0.5864156018829859,0.0,0.17251051893408134,0.0,0.831081081081081,0.0,0.28571428571428575,0.0,0.6818240536434297,0.0,4.0,0.25,mh25,by_competitor,COUNTRY_2/B2C/COMPETITOR_3_COUNTRY_2_2026-02-08,C:\Users\Administrator\Desktop\dippa\src\results\tuning\statistical\no_avg_hybrid_weighted_single_attempt_batch\mh25\by_competitor\COUNTRY_2_B2C_COMPETITOR_3_COUNTRY_2_2026-02-08\hybrid_weighted,C:\Users\Administrator\Desktop\dippa\src\artifacts\cache\statistical_tuning\mh25\by_competitor\COUNTRY_2_B2C_COMPETITOR_3_COUNTRY_2_2026-02-08\template_cache.joblib
phase2.v1,no_avg_hybrid_weighted_single_attempt_batch,hybrid_weighted__threshold_4p000__w_0p250,hybrid_weighted__threshold_4p000__w_0p250,tuning,hybrid_weighted,COMPETITOR_1_COUNTRY_3,by_competitor,ok,,coarse,95.4962679001037,554248,36244,147591,1,0.342834677534214,0.7843157286301305,0.4769001778103882,0.4769001778103882,0.8078263414682765,0.325,0.8374351616819335,0.0,0.35923535253227407,0.0,0.7985651214128036,0.0,0.4955479452054794,0.0,0.8198749942803797,0.0,0.8036126864104179,0.0,0.3045664358720739,0.0,0.7510671454705603,0.0,0.4333887205551754,0.0,0.779712818240036,0.0,4.0,0.25,mh25,by_competitor,COUNTRY_3/B2B/COMPETITOR_1_COUNTRY_3_2026-02-08,C:\Users\Administrator\Desktop\dippa\src\results\tuning\statistical\no_avg_hybrid_weighted_single_attempt_batch\mh25\by_competitor\COUNTRY_3_B2B_COMPETITOR_1_COUNTRY_3_2026-02-08\hybrid_weighted,C:\Users\Administrator\Desktop\dippa\src\artifacts\cache\statistical_tuning\mh25\by_competitor\COUNTRY_3_B2B_COMPETITOR_1_COUNTRY_3_2026-02-08\template_cache.joblib
phase2.v1,no_avg_hybrid_weighted_single_attempt_batch,hybrid_weighted__threshold_4p000__w_0p250,hybrid_weighted__threshold_4p000__w_0p250,tuning,hybrid_weighted,COMPETITOR_2_COUNTRY_3,by_competitor,ok,,coarse,122.43268340011127,727108,48152,193472,1,0.29148973093456454,0.7703847344778996,0.42257038382354556,0.42257038382354556,0.7801277205040709,0.325,0.8031857451403888,0.0,0.3090909090909091,0.0,0.7838006230529595,0.0,0.44334801762114534,0.0,0.7944970985737696,0.0,0.7526825587165068,0.0,0.2504203152364273,0.0,0.7390809944694268,0.0,0.3740892382958128,0.0,0.746599171674774,0.0,4.0,0.25,mh25,by_competitor,COUNTRY_3/B2C/COMPETITOR_2_COUNTRY_3_2026-02-08,C:\Users\Administrator\Desktop\dippa\src\results\tuning\statistical\no_avg_hybrid_weighted_single_attempt_batch\mh25\by_competitor\COUNTRY_3_B2C_COMPETITOR_2_COUNTRY_3_2026-02-08\hybrid_weighted,C:\Users\Administrator\Desktop\dippa\src\artifacts\cache\statistical_tuning\mh25\by_competitor\COUNTRY_3_B2C_COMPETITOR_2_COUNTRY_3_2026-02-08\template_cache.joblib
phase2.v1,no_avg_hybrid_weighted_single_attempt_batch,hybrid_weighted__threshold_5p000__w_0p250,hybrid_weighted__threshold_5p000__w_0p250,tuning,hybrid_weighted,COMPETITOR_3_COUNTRY_3,by_competitor,ok,,coarse,3.3535072000231594,22732,1872,6214,1,0.5623311553684739,0.8866025988788138,0.681428975798462,0.681428975798462,0.898745658703489,0.425,0.9449786324786325,0.0,0.6590909090909091,0.0,0.93048128342246,0.0,0.7716186252771619,0.0,0.9384998595551619,0.0,0.823945928548439,0.0,0.33655839668279197,0.0,0.784219001610306,0.0,0.47098646034816244,0.0,0.8059858567162522,0.0,5.0,0.25,mh25,by_competitor,COUNTRY_3/B2C/COMPETITOR_3_COUNTRY_3_2026-02-08,C:\Users\Administrator\Desktop\dippa\src\results\tuning\statistical\no_avg_hybrid_weighted_single_attempt_batch\mh25\by_competitor\COUNTRY_3_B2C_COMPETITOR_3_COUNTRY_3_2026-02-08\hybrid_weighted,C:\Users\Administrator\Desktop\dippa\src\artifacts\cache\statistical_tuning\mh25\by_competitor\COUNTRY_3_B2C_COMPETITOR_3_COUNTRY_3_2026-02-08\template_cache.joblib
phase2.v1,no_avg_hybrid_weighted_single_attempt_batch,hybrid_weighted__threshold_6p000__w_0p250,hybrid_weighted__threshold_6p000__w_0p250,tuning,hybrid_weighted,COMPETITOR_1_COUNTRY_4,by_competitor,ok,,coarse,25.638343899976462,146920,9718,38943,1,0.30764680602146427,0.8369831428847994,0.4494874227557635,0.4494874227557635,0.812305153574097,0.525,0.8111751389174727,0.0,0.3293838862559242,0.0,0.858908341915551,0.0,0.47616328860976304,0.0,0.8319698774625185,0.0,0.7513288652646175,0.0,0.25692695214105793,0.0,0.785824345146379,0.0,0.38724373576309795,0.0,0.7664207978344473,0.0,6.0,0.25,mh25,by_competitor,COUNTRY_4/B2B/COMPETITOR_1_COUNTRY_4_2026-02-08,C:\Users\Administrator\Desktop\dippa\src\results\tuning\statistical\no_avg_hybrid_weighted_single_attempt_batch\mh25\by_competitor\COUNTRY_4_B2B_COMPETITOR_1_COUNTRY_4_2026-02-08\hybrid_weighted,C:\Users\Administrator\Desktop\dippa\src\artifacts\cache\statistical_tuning\mh25\by_competitor\COUNTRY_4_B2B_COMPETITOR_1_COUNTRY_4_2026-02-08\template_cache.joblib
phase2.v1,no_avg_hybrid_weighted_single_attempt_batch,hybrid_weighted__threshold_5p000__w_0p250,hybrid_weighted__threshold_5p000__w_0p250,tuning,hybrid_weighted,COMPETITOR_2_COUNTRY_4,by_competitor,ok,,coarse,127.80854350002483,734747,48000,195489,1,0.2983541662902147,0.8136057013505218,0.4362481441976093,0.4362481441976093,0.7992322208442983,0.425,0.8051875,0.0,0.31924696163317184,0.0,0.8372916666666667,0.0,0.4622462476278107,0.0,0.8192618970398649,0.0,0.7478630511179657,0.0,0.24960431048998147,0.0,0.7583384489461837,0.0,0.3755859028604728,0.0,0.75249630972131,0.0,5.0,0.25,mh25,by_competitor,COUNTRY_4/B2C/COMPETITOR_2_COUNTRY_4_2026-02-08,C:\Users\Administrator\Desktop\dippa\src\results\tuning\statistical\no_avg_hybrid_weighted_single_attempt_batch\mh25\by_competitor\COUNTRY_4_B2C_COMPETITOR_2_COUNTRY_4_2026-02-08\hybrid_weighted,C:\Users\Administrator\Desktop\dippa\src\artifacts\cache\statistical_tuning\mh25\by_competitor\COUNTRY_4_B2C_COMPETITOR_2_COUNTRY_4_2026-02-08\template_cache.joblib
phase2.v1,no_avg_hybrid_weighted_single_attempt_batch,hybrid_weighted__threshold_6p000__w_0p250,hybrid_weighted__threshold_6p000__w_0p250,tuning,hybrid_weighted,COUNTRY_1,by_country,ok,,coarse,130.91954190004617,763382,50074,203172,1,0.27305494635305627,0.7205760810191812,0.39600702676908833,0.39600702676908833,0.752817160430701,0.525,0.7862363701721452,0.0,0.28180773649942553,0.0,0.7347713201517875,0.0,0.40737459860480574,0.0,0.7628271325485254,0.0,0.7653761345067234,0.0,0.25263176934486126,0.0,0.6874538563764335,0.0,0.3694826924857479,0.0,0.7294605588224442,0.0,6.0,0.25,mh25,by_country,COUNTRY_1/COUNTRY_1_2026-02-08,C:\Users\Administrator\Desktop\dippa\src\results\tuning\statistical\no_avg_hybrid_weighted_single_attempt_batch\mh25\by_country\COUNTRY_1_COUNTRY_1_2026-02-08\hybrid_weighted,C:\Users\Administrator\Desktop\dippa\src\artifacts\cache\statistical_tuning\mh25\by_country\COUNTRY_1_COUNTRY_1_2026-02-08\template_cache.joblib
phase2.v1,no_avg_hybrid_weighted_single_attempt_batch,hybrid_weighted__threshold_4p000__w_0p250,hybrid_weighted__threshold_4p000__w_0p250,tuning,hybrid_weighted,COUNTRY_2,by_country,ok,,coarse,138.8388139999006,816053,53576,217353,1,0.27980972442125673,0.7838273896643685,0.4123949818736503,0.4123949818736503,0.7793719947130076,0.325,0.7853329849186202,0.0,0.2942122186495177,0.0,0.8198618629830129,0.0,0.4330293320187331,0.0,0.8004495742978245,0.0,0.7557383610992257,0.0,0.24620390455531455,0.0,0.699746951920865,0.0,0.3642481648684573,0.0,0.730190975681768,0.0,4.0,0.25,mh25,by_country,COUNTRY_2/COUNTRY_2_2026-02-08,C:\Users\Administrator\Desktop\dippa\src\results\tuning\statistical\no_avg_hybrid_weighted_single_attempt_batch\mh25\by_country\COUNTRY_2_COUNTRY_2_2026-02-08\hybrid_weighted,C:\Users\Administrator\Desktop\dippa\src\artifacts\cache\statistical_tuning\mh25\by_country\COUNTRY_2_COUNTRY_2_2026-02-08\template_cache.joblib
phase2.v1,no_avg_hybrid_weighted_single_attempt_batch,hybrid_weighted__threshold_4p000__w_0p250,hybrid_weighted__threshold_4p000__w_0p250,tuning,hybrid_weighted,COUNTRY_3,by_country,ok,,coarse,223.05458210012875,1303827,86272,347534,1,0.3017937207529635,0.7463048904789614,0.4296219610205503,0.4296219610205503,0.7752043684774613,0.325,0.8176696958456974,0.0,0.3293286558700562,0.0,0.7943665237046482,0.0,0.4656203288490284,0.0,0.8072088871520603,0.0,0.759870976652644,0.0,0.2375455388130807,0.0,0.6341610796190257,0.0,0.3456257694207682,0.0,0.7005271582367305,0.0,4.0,0.25,mh25,by_country,COUNTRY_3/COUNTRY_3_2026-02-08,C:\Users\Administrator\Desktop\dippa\src\results\tuning\statistical\no_avg_hybrid_weighted_single_attempt_batch\mh25\by_country\COUNTRY_3_COUNTRY_3_2026-02-08\hybrid_weighted,C:\Users\Administrator\Desktop\dippa\src\artifacts\cache\statistical_tuning\mh25\by_country\COUNTRY_3_COUNTRY_3_2026-02-08\template_cache.joblib
phase2.v1,no_avg_hybrid_weighted_single_attempt_batch,hybrid_weighted__threshold_6p000__w_0p250,hybrid_weighted__threshold_6p000__w_0p250,tuning,hybrid_weighted,COUNTRY_4,by_country,ok,,coarse,151.4698787999805,881570,57718,234529,1,0.31410339353032973,0.7891572393778546,0.4487919789110439,0.4487919789110439,0.7975545852210144,0.525,0.821355556325583,0.0,0.3357452966714906,0.0,0.8040201005025126,0.0,0.47368689704456135,0.0,0.8135937630138907,0.0,0.7646900809707968,0.0,0.2636056195342878,0.0,0.7544772300869862,0.0,0.3907038365995032,0.0,0.7601298370376364,0.0,6.0,0.25,mh25,by_country,COUNTRY_4/COUNTRY_4_2026-02-08,C:\Users\Administrator\Desktop\dippa\src\results\tuning\statistical\no_avg_hybrid_weighted_single_attempt_batch\mh25\by_country\COUNTRY_4_COUNTRY_4_2026-02-08\hybrid_weighted,C:\Users\Administrator\Desktop\dippa\src\artifacts\cache\statistical_tuning\mh25\by_country\COUNTRY_4_COUNTRY_4_2026-02-08\template_cache.joblib
phase2.v1,no_avg_hybrid_weighted_single_attempt_batch,hybrid_weighted__threshold_5p000__w_0p250,hybrid_weighted__threshold_5p000__w_0p250,tuning,hybrid_weighted,GLOBAL,global,ok,,coarse,652.2312731000129,3765271,247640,1002149,1,0.2996817075940433,0.7521903672901418,0.42847787328130416,0.42847787328130416,0.7773032214313795,0.425,0.8110765627523825,0.0,0.31878404845372704,0.0,0.7821434340171216,0.0,0.4529541760695953,0.0,0.7980555347595681,0.0,0.7690084009463662,0.0,0.2551095789214479,0.0,0.6822998782605225,0.0,0.3713665001086248,0.0,0.7288811569989396,0.0,5.0,0.25,mh25,global,GLOBAL_2026-02-08,C:\Users\Administrator\Desktop\dippa\src\results\tuning\statistical\no_avg_hybrid_weighted_single_attempt_batch\mh25\global\GLOBAL_2026-02-08\hybrid_weighted,C:\Users\Administrator\Desktop\dippa\src\artifacts\cache\statistical_tuning\mh25\global\GLOBAL_2026-02-08\template_cache.joblib
phase2.v1,no_avg_hybrid_weighted_single_attempt_batch,hybrid_weighted__threshold_6p000__w_0p250,hybrid_weighted__threshold_6p000__w_0p250,tuning,hybrid_weighted,COMPETITOR_1_COUNTRY_1,by_competitor,ok,,coarse,5.387660300126299,29349,1850,7885,1,0.27045514747995414,0.9251865825216078,0.4185321130293246,0.4185321130293246,0.817559898555425,0.525,0.7454054054054055,0.0,0.2765625,0.0,0.9567567567567568,0.0,0.429090909090909,0.0,0.8310858419258642,0.0,0.7381103360811667,0.0,0.25620465826651395,0.0,0.8515228426395939,0.0,0.393894922218961,0.0,0.7859993640244004,0.0,6.0,0.25,mh30,by_competitor,COUNTRY_1/B2B/COMPETITOR_1_COUNTRY_1_2026-02-08,C:\Users\Administrator\Desktop\dippa\src\results\tuning\statistical\no_avg_hybrid_weighted_single_attempt_batch\mh30\by_competitor\COUNTRY_1_B2B_COMPETITOR_1_COUNTRY_1_2026-02-08\hybrid_weighted,C:\Users\Administrator\Desktop\dippa\src\artifacts\cache\statistical_tuning\mh30\by_competitor\COUNTRY_1_B2B_COMPETITOR_1_COUNTRY_1_2026-02-08\template_cache.joblib
phase2.v1,no_avg_hybrid_weighted_single_attempt_batch,hybrid_weighted__threshold_5p000__w_0p250,hybrid_weighted__threshold_5p000__w_0p250,tuning,hybrid_weighted,COMPETITOR_2_COUNTRY_1,by_competitor,ok,,coarse,100.69710290012881,592713,37076,157206,1,0.26293915571504856,0.7657303080411104,0.3914233578304769,0.3914233578304769,0.7634947334027775,0.425,0.767531556802244,0.0,0.2693463561232156,0.0,0.7736714324251416,0.0,0.3995820271682341,0.0,0.7702528992052305,0.0,0.7481457450733433,0.0,0.24798902142932544,0.0,0.7472010178117048,0.0,0.37238646270904335,0.0,0.7477256798637206,0.0,5.0,0.25,mh30,by_competitor,COUNTRY_1/B2C/COMPETITOR_2_COUNTRY_1_2026-02-08,C:\Users\Administrator\Desktop\dippa\src\results\tuning\statistical\no_avg_hybrid_weighted_single_attempt_batch\mh30\by_competitor\COUNTRY_1_B2C_COMPETITOR_2_COUNTRY_1_2026-02-08\hybrid_weighted,C:\Users\Administrator\Desktop\dippa\src\artifacts\cache\statistical_tuning\mh30\by_competitor\COUNTRY_1_B2C_COMPETITOR_2_COUNTRY_1_2026-02-08\template_cache.joblib
phase2.v1,no_avg_hybrid_weighted_single_attempt_batch,hybrid_weighted__threshold_4p000__w_0p250,hybrid_weighted__threshold_4p000__w_0p250,tuning,hybrid_weighted,COMPETITOR_3_COUNTRY_1,by_competitor,ok,,coarse,0.049542699940502644,144,8,32,1,1.0,0.8999999999999999,0.94,0.94,0.9449489742783177,0.325,1.0,0.0,1.0,0.0,1.0,0.0,1.0,0.0,1.0,0.0,0.96875,0.0,1.0,0.0,0.6666666666666666,0.0,0.8,0.0,0.816496580927726,0.0,4.0,0.25,mh30,by_competitor,COUNTRY_1/B2C/COMPETITOR_3_COUNTRY_1_2026-02-08,C:\Users\Administrator\Desktop\dippa\src\results\tuning\statistical\no_avg_hybrid_weighted_single_attempt_batch\mh30\by_competitor\COUNTRY_1_B2C_COMPETITOR_3_COUNTRY_1_2026-02-08\hybrid_weighted,C:\Users\Administrator\Desktop\dippa\src\artifacts\cache\statistical_tuning\mh30\by_competitor\COUNTRY_1_B2C_COMPETITOR_3_COUNTRY_1_2026-02-08\template_cache.joblib
phase2.v1,no_avg_hybrid_weighted_single_attempt_batch,hybrid_weighted__threshold_4p000__w_0p250,hybrid_weighted__threshold_4p000__w_0p250,tuning,hybrid_weighted,COMPETITOR_1_COUNTRY_2,by_competitor,ok,,coarse,40.35175329982303,233041,14588,62215,1,0.32369550105709216,0.7804082437709875,0.4575799806269653,0.4575799806269653,0.7992272837425312,0.325,0.818755141211955,0.0,0.3324858757062147,0.0,0.8072702331961591,0.0,0.47098839535814324,0.0,0.8136253341516739,0.0,0.8068311500442016,0.0,0.30318462687580633,0.0,0.7177302684455875,0.0,0.42629367958755016,0.0,0.7656318327878647,0.0,4.0,0.25,mh30,by_competitor,COUNTRY_2/B2B/COMPETITOR_1_COUNTRY_2_2026-02-08,C:\Users\Administrator\Desktop\dippa\src\results\tuning\statistical\no_avg_hybrid_weighted_single_attempt_batch\mh30\by_competitor\COUNTRY_2_B2B_COMPETITOR_1_COUNTRY_2_2026-02-08\hybrid_weighted,C:\Users\Administrator\Desktop\dippa\src\artifacts\cache\statistical_tuning\mh30\by_competitor\COUNTRY_2_B2B_COMPETITOR_1_COUNTRY_2_2026-02-08\template_cache.joblib
phase2.v1,no_avg_hybrid_weighted_single_attempt_batch,hybrid_weighted__threshold_5p000__w_0p250,hybrid_weighted__threshold_5p000__w_0p250,tuning,hybrid_weighted,COMPETITOR_2_COUNTRY_2,by_competitor,ok,,coarse,74.44829219998792,427613,26804,113837,1,0.2872149640560473,0.7800193696806313,0.41980713938160746,0.41980713938160746,0.7822427022272844,0.425,0.7915236531860916,0.0,0.2977746870653686,0.0,0.7988805970149254,0.0,0.4338399189463019,0.0,0.7947829649462481,0.0,0.7669123395732494,0.0,0.26257561036763094,0.0,0.7360098392339454,0.0,0.3870639870639871,0.0,0.7529820892163693,0.0,5.0,0.25,mh30,by_competitor,COUNTRY_2/B2C/COMPETITOR_2_COUNTRY_2_2026-02-08,C:\Users\Administrator\Desktop\dippa\src\results\tuning\statistical\no_avg_hybrid_weighted_single_attempt_batch\mh30\by_competitor\COUNTRY_2_B2C_COMPETITOR_2_COUNTRY_2_2026-02-08\hybrid_weighted,C:\Users\Administrator\Desktop\dippa\src\artifacts\cache\statistical_tuning\mh30\by_competitor\COUNTRY_2_B2C_COMPETITOR_2_COUNTRY_2_2026-02-08\template_cache.joblib
phase2.v1,no_avg_hybrid_weighted_single_attempt_batch,hybrid_weighted__threshold_6p000__w_0p250,hybrid_weighted__threshold_6p000__w_0p250,tuning,hybrid_weighted,COMPETITOR_3_COUNTRY_2,by_competitor,ok,,coarse,0.31232669996097684,2703,154,690,1,0.4591331269349845,0.7014492753623188,0.5163321167883211,0.5163321167883211,0.7513136702625575,0.525,0.922077922077922,0.0,0.5882352941176471,0.0,0.6666666666666666,0.0,0.625,0.0,0.7956717446157404,0.0,0.5608695652173913,0.0,0.15789473684210525,0.0,0.782608695652174,0.0,0.26277372262773724,0.0,0.6478114967717974,0.0,6.0,0.25,mh30,by_competitor,COUNTRY_2/B2C/COMPETITOR_3_COUNTRY_2_2026-02-08,C:\Users\Administrator\Desktop\dippa\src\results\tuning\statistical\no_avg_hybrid_weighted_single_attempt_batch\mh30\by_competitor\COUNTRY_2_B2C_COMPETITOR_3_COUNTRY_2_2026-02-08\hybrid_weighted,C:\Users\Administrator\Desktop\dippa\src\artifacts\cache\statistical_tuning\mh30\by_competitor\COUNTRY_2_B2C_COMPETITOR_3_COUNTRY_2_2026-02-08\template_cache.joblib
phase2.v1,no_avg_hybrid_weighted_single_attempt_batch,hybrid_weighted__threshold_4p000__w_0p250,hybrid_weighted__threshold_4p000__w_0p250,tuning,hybrid_weighted,COMPETITOR_1_COUNTRY_3,by_competitor,ok,,coarse,77.00966280000284,453425,28266,120268,1,0.3437999729338591,0.7989423187717011,0.4805663881596509,0.4805663881596509,0.8140698945433184,0.325,0.8379324984079813,0.0,0.3630404245356641,0.0,0.8230714791224345,0.0,0.5038449041481642,0.0,0.8312864103383446,0.0,0.8000881364951609,0.0,0.2989055858629807,0.0,0.74264094461999,0.0,0.42624985085312017,0.0,0.7738980243549239,0.0,4.0,0.25,mh30,by_competitor,COUNTRY_3/B2B/COMPETITOR_1_COUNTRY_3_2026-02-08,C:\Users\Administrator\Desktop\dippa\src\results\tuning\statistical\no_avg_hybrid_weighted_single_attempt_batch\mh30\by_competitor\COUNTRY_3_B2B_COMPETITOR_1_COUNTRY_3_2026-02-08\hybrid_weighted,C:\Users\Administrator\Desktop\dippa\src\artifacts\cache\statistical_tuning\mh30\by_competitor\COUNTRY_3_B2B_COMPETITOR_1_COUNTRY_3_2026-02-08\template_cache.joblib
phase2.v1,no_avg_hybrid_weighted_single_attempt_batch,hybrid_weighted__threshold_4p000__w_0p250,hybrid_weighted__threshold_4p000__w_0p250,tuning,hybrid_weighted,COMPETITOR_2_COUNTRY_3,by_competitor,ok,,coarse,96.03277630009688,574102,36064,152580,1,0.29107359459533294,0.7776957681183695,0.42330474740172785,0.42330474740172785,0.7827204802024528,0.325,0.8015472493345164,0.0,0.3088599418667241,0.0,0.795618413754853,0.0,0.44497867390461415,0.0,0.7989053809243475,0.0,0.7523200943767204,0.0,0.2495721176287537,0.0,0.7358762616332416,0.0,0.37273225222832673,0.0,0.7449557118513653,0.0,4.0,0.25,mh30,by_competitor,COUNTRY_3/B2C/COMPETITOR_2_COUNTRY_3_2026-02-08,C:\Users\Administrator\Desktop\dippa\src\results\tuning\statistical\no_avg_hybrid_weighted_single_attempt_batch\mh30\by_competitor\COUNTRY_3_B2C_COMPETITOR_2_COUNTRY_3_2026-02-08\hybrid_weighted,C:\Users\Administrator\Desktop\dippa\src\artifacts\cache\statistical_tuning\mh30\by_competitor\COUNTRY_3_B2C_COMPETITOR_2_COUNTRY_3_2026-02-08\template_cache.joblib
phase2.v1,no_avg_hybrid_weighted_single_attempt_batch,hybrid_weighted__threshold_6p000__w_0p750,hybrid_weighted__threshold_6p000__w_0p750,tuning,hybrid_weighted,COMPETITOR_3_COUNTRY_3,by_competitor,ok,,coarse,0.3932982999831438,2199,136,679,1,0.7358277591973245,0.8924225028702641,0.7776279497395036,0.7776279497395036,0.9112686991617068,0.525,0.9852941176470589,0.0,0.9230769230769231,0.0,0.9230769230769231,0.0,0.9230769230769231,0.0,0.9568553875301133,0.0,0.792341678939617,0.0,0.29891304347826086,0.0,0.8208955223880597,0.0,0.43824701195219123,0.0,0.8048997596354249,0.0,6.0,0.75,mh30,by_competitor,COUNTRY_3/B2C/COMPETITOR_3_COUNTRY_3_2026-02-08,C:\Users\Administrator\Desktop\dippa\src\results\tuning\statistical\no_avg_hybrid_weighted_single_attempt_batch\mh30\by_competitor\COUNTRY_3_B2C_COMPETITOR_3_COUNTRY_3_2026-02-08\hybrid_weighted,C:\Users\Administrator\Desktop\dippa\src\artifacts\cache\statistical_tuning\mh30\by_competitor\COUNTRY_3_B2C_COMPETITOR_3_COUNTRY_3_2026-02-08\template_cache.joblib
phase2.v1,no_avg_hybrid_weighted_single_attempt_batch,hybrid_weighted__threshold_6p000__w_0p250,hybrid_weighted__threshold_6p000__w_0p250,tuning,hybrid_weighted,COMPETITOR_1_COUNTRY_4,by_competitor,ok,,coarse,19.82375800004229,114134,7112,30173,1,0.30926433857539315,0.8489167572224343,0.45302207315182697,0.45302207315182697,0.8173703119585137,0.525,0.8111642294713161,0.0,0.33191489361702126,0.0,0.8776371308016878,0.0,0.4816673099189502,0.0,0.8398974649309029,0.0,0.7514665429357372,0.0,0.2564130434782609,0.0,0.7819025522041764,0.0,0.3861831873618728,0.0,0.7648069550229389,0.0,6.0,0.25,mh30,by_competitor,COUNTRY_4/B2B/COMPETITOR_1_COUNTRY_4_2026-02-08,C:\Users\Administrator\Desktop\dippa\src\results\tuning\statistical\no_avg_hybrid_weighted_single_attempt_batch\mh30\by_competitor\COUNTRY_4_B2B_COMPETITOR_1_COUNTRY_4_2026-02-08\hybrid_weighted,C:\Users\Administrator\Desktop\dippa\src\artifacts\cache\statistical_tuning\mh30\by_competitor\COUNTRY_4_B2B_COMPETITOR_1_COUNTRY_4_2026-02-08\template_cache.joblib
phase2.v1,no_avg_hybrid_weighted_single_attempt_batch,hybrid_weighted__threshold_6p000__w_0p250,hybrid_weighted__threshold_6p000__w_0p250,tuning,hybrid_weighted,COMPETITOR_2_COUNTRY_4,by_competitor,ok,,coarse,106.13568950002082,607076,37938,161074,1,0.3152629432361458,0.8069202823701521,0.45286749505009877,0.45286749505009877,0.8046914958270719,0.525,0.8216827455321841,0.0,0.33983617158870444,0.0,0.8312681254943317,0.0,0.4824420472802387,0.0,0.8259258728306528,0.0,0.7592038441958354,0.0,0.25792541041350897,0.0,0.7501086484137331,0.0,0.3838602065131057,0.0,0.75514461615205,0.0,6.0,0.25,mh30,by_competitor,COUNTRY_4/B2C/COMPETITOR_2_COUNTRY_4_2026-02-08,C:\Users\Administrator\Desktop\dippa\src\results\tuning\statistical\no_avg_hybrid_weighted_single_attempt_batch\mh30\by_competitor\COUNTRY_4_B2C_COMPETITOR_2_COUNTRY_4_2026-02-08\hybrid_weighted,C:\Users\Administrator\Desktop\dippa\src\artifacts\cache\statistical_tuning\mh30\by_competitor\COUNTRY_4_B2C_COMPETITOR_2_COUNTRY_4_2026-02-08\template_cache.joblib
phase2.v1,no_avg_hybrid_weighted_single_attempt_batch,hybrid_weighted__threshold_6p000__w_0p250,hybrid_weighted__threshold_6p000__w_0p250,tuning,hybrid_weighted,COUNTRY_1,by_country,ok,,coarse,106.84840800007805,622159,38936,165168,1,0.2753938948479787,0.7386378321106802,0.40119247559112026,0.40119247559112026,0.7609366561662684,0.525,0.7837990548592562,0.0,0.28171731789676796,0.0,0.7500642178268687,0.0,0.4095946135502876,0.0,0.7685770103043469,0.0,0.7692410152087571,0.0,0.2606392410674705,0.0,0.7119762654395737,0.0,0.38158748701972994,0.0,0.7431091631774185,0.0,6.0,0.25,mh30,by_country,COUNTRY_1/COUNTRY_1_2026-02-08,C:\Users\Administrator\Desktop\dippa\src\results\tuning\statistical\no_avg_hybrid_weighted_single_attempt_batch\mh30\by_country\COUNTRY_1_COUNTRY_1_2026-02-08\hybrid_weighted,C:\Users\Administrator\Desktop\dippa\src\artifacts\cache\statistical_tuning\mh30\by_country\COUNTRY_1_COUNTRY_1_2026-02-08\template_cache.joblib
phase2.v1,no_avg_hybrid_weighted_single_attempt_batch,hybrid_weighted__threshold_4p000__w_0p250,hybrid_weighted__threshold_4p000__w_0p250,tuning,hybrid_weighted,COUNTRY_2,by_country,ok,,coarse,113.01889090007171,664044,41548,176053,1,0.279370955454342,0.7901660181287951,0.4127943847911306,0.4127943847911306,0.7816038363754505,0.325,0.7806392606142293,0.0,0.2889720898570456,0.0,0.8175252768415985,0.0,0.4270086759713316,0.0,0.796770017672165,0.0,0.7626169392171676,0.0,0.25696830851470026,0.0,0.7263277477989207,0.0,0.37962770537066176,0.0,0.7462160800164499,0.0,4.0,0.25,mh30,by_country,COUNTRY_2/COUNTRY_2_2026-02-08,C:\Users\Administrator\Desktop\dippa\src\results\tuning\statistical\no_avg_hybrid_weighted_single_attempt_batch\mh30\by_country\COUNTRY_2_COUNTRY_2_2026-02-08\hybrid_weighted,C:\Users\Administrator\Desktop\dippa\src\artifacts\cache\statistical_tuning\mh30\by_country\COUNTRY_2_COUNTRY_2_2026-02-08\template_cache.joblib
phase2.v1,no_avg_hybrid_weighted_single_attempt_batch,hybrid_weighted__threshold_4p000__w_0p250,hybrid_weighted__threshold_4p000__w_0p250,tuning,hybrid_weighted,COUNTRY_3,by_country,ok,,coarse,174.7594562000595,1029321,64470,273928,1,0.3073499800969004,0.7731962485222788,0.43967242304827325,0.43967242304827325,0.7890167110183411,0.325,0.8141306033814177,0.0,0.32454361054766734,0.0,0.7941678299984489,0.0,0.46078387256446024,0.0,0.8051818844917408,0.0,0.7738347302940919,0.0,0.26723150904511106,0.0,0.724262558411215,0.0,0.39041237417717034,0.0,0.7512979729137421,0.0,4.0,0.25,mh30,by_country,COUNTRY_3/COUNTRY_3_2026-02-08,C:\Users\Administrator\Desktop\dippa\src\results\tuning\statistical\no_avg_hybrid_weighted_single_attempt_batch\mh30\by_country\COUNTRY_3_COUNTRY_3_2026-02-08\hybrid_weighted,C:\Users\Administrator\Desktop\dippa\src\artifacts\cache\statistical_tuning\mh30\by_country\COUNTRY_3_COUNTRY_3_2026-02-08\template_cache.joblib
phase2.v1,no_avg_hybrid_weighted_single_attempt_batch,hybrid_weighted__threshold_6p000__w_0p250,hybrid_weighted__threshold_6p000__w_0p250,tuning,hybrid_weighted,COUNTRY_4,by_country,ok,,coarse,126.47601409978233,720717,45050,191740,1,0.31110124913610343,0.8029232554211463,0.4479897529013956,0.4479897529013956,0.8015012647300876,0.525,0.8173362930077691,0.0,0.33276450511945393,0.0,0.8224195338512763,0.0,0.4738154613466335,0.0,0.819590645877674,0.0,0.7607854386147909,0.0,0.260553651841619,0.0,0.7574319390841765,0.0,0.38772976652917385,0.0,0.7592927087190531,0.0,6.0,0.25,mh30,by_country,COUNTRY_4/COUNTRY_4_2026-02-08,C:\Users\Administrator\Desktop\dippa\src\results\tuning\statistical\no_avg_hybrid_weighted_single_attempt_batch\mh30\by_country\COUNTRY_4_COUNTRY_4_2026-02-08\hybrid_weighted,C:\Users\Administrator\Desktop\dippa\src\artifacts\cache\statistical_tuning\mh30\by_country\COUNTRY_4_COUNTRY_4_2026-02-08\template_cache.joblib
phase2.v1,no_avg_hybrid_weighted_single_attempt_batch,hybrid_weighted__threshold_5p000__w_0p250,hybrid_weighted__threshold_5p000__w_0p250,tuning,hybrid_weighted,GLOBAL,global,ok,,coarse,410.9266693999525,3036982,190006,806146,1,0.3002426422413027,0.76908828008195,0.4317579747210251,0.4317579747210251,0.7843705550808031,0.425,0.8071797732703178,0.0,0.31450747775604215,0.0,0.7869473684210526,0.0,0.4494071324446582,0.0,0.7981084070664692,0.0,0.7730014166168411,0.0,0.266958026040244,0.0,0.7274170739573771,0.0,0.3905766066992147,0.0,0.7523155671142492,0.0,5.0,0.25,mh30,global,GLOBAL_2026-02-08,C:\Users\Administrator\Desktop\dippa\src\results\tuning\statistical\no_avg_hybrid_weighted_single_attempt_batch\mh30\global\GLOBAL_2026-02-08\hybrid_weighted,C:\Users\Administrator\Desktop\dippa\src\artifacts\cache\statistical_tuning\mh30\global\GLOBAL_2026-02-08\template_cache.joblib
