run_id,candidate_id,dataset_split,detector_name,anomaly_type,injected_count,detected_count,detection_rate,attempt_index,attempt_seed,threshold,w,stage
hybrid_weighted__threshold_1p000__w_0p300__attempt_01,hybrid_weighted__threshold_1p000__w_0p300,new_prices,hybrid_weighted,decimal_shift,7752,1390,0.17930856553147576,1,42,1.0,0.3,coarse
hybrid_weighted__threshold_1p000__w_0p300__attempt_01,hybrid_weighted__threshold_1p000__w_0p300,new_prices,hybrid_weighted,list_price_violation,7720,1368,0.1772020725388601,1,42,1.0,0.3,coarse
hybrid_weighted__threshold_1p000__w_0p300__attempt_01,hybrid_weighted__threshold_1p000__w_0p300,new_prices,hybrid_weighted,price_drop,7692,1403,0.18239729589183568,1,42,1.0,0.3,coarse
hybrid_weighted__threshold_1p000__w_0p300__attempt_01,hybrid_weighted__threshold_1p000__w_0p300,new_prices,hybrid_weighted,price_spike,7717,1359,0.17610470390047947,1,42,1.0,0.3,coarse
hybrid_weighted__threshold_1p000__w_0p300__attempt_01,hybrid_weighted__threshold_1p000__w_0p300,new_products,hybrid_weighted,decimal_shift,15715,5570,0.35443843461660834,1,42,1.0,0.3,coarse
hybrid_weighted__threshold_1p000__w_0p300__attempt_01,hybrid_weighted__threshold_1p000__w_0p300,new_products,hybrid_weighted,list_price_violation,15781,4746,0.3007413978835308,1,42,1.0,0.3,coarse
hybrid_weighted__threshold_1p000__w_0p300__attempt_01,hybrid_weighted__threshold_1p000__w_0p300,new_products,hybrid_weighted,price_drop,15910,5487,0.34487743557510997,1,42,1.0,0.3,coarse
hybrid_weighted__threshold_1p000__w_0p300__attempt_01,hybrid_weighted__threshold_1p000__w_0p300,new_products,hybrid_weighted,price_spike,15719,5453,0.34690501940326995,1,42,1.0,0.3,coarse
hybrid_weighted__threshold_1p000__w_0p400__attempt_01,hybrid_weighted__threshold_1p000__w_0p400,new_prices,hybrid_weighted,decimal_shift,7752,1390,0.17930856553147576,1,42,1.0,0.4,coarse
hybrid_weighted__threshold_1p000__w_0p400__attempt_01,hybrid_weighted__threshold_1p000__w_0p400,new_prices,hybrid_weighted,list_price_violation,7720,1367,0.17707253886010363,1,42,1.0,0.4,coarse
hybrid_weighted__threshold_1p000__w_0p400__attempt_01,hybrid_weighted__threshold_1p000__w_0p400,new_prices,hybrid_weighted,price_drop,7692,1403,0.18239729589183568,1,42,1.0,0.4,coarse
hybrid_weighted__threshold_1p000__w_0p400__attempt_01,hybrid_weighted__threshold_1p000__w_0p400,new_prices,hybrid_weighted,price_spike,7717,1359,0.17610470390047947,1,42,1.0,0.4,coarse
hybrid_weighted__threshold_1p000__w_0p400__attempt_01,hybrid_weighted__threshold_1p000__w_0p400,new_products,hybrid_weighted,decimal_shift,15715,5569,0.3543748011454025,1,42,1.0,0.4,coarse
hybrid_weighted__threshold_1p000__w_0p400__attempt_01,hybrid_weighted__threshold_1p000__w_0p400,new_products,hybrid_weighted,list_price_violation,15781,4744,0.3006146632025854,1,42,1.0,0.4,coarse
hybrid_weighted__threshold_1p000__w_0p400__attempt_01,hybrid_weighted__threshold_1p000__w_0p400,new_products,hybrid_weighted,price_drop,15910,5489,0.34500314267756127,1,42,1.0,0.4,coarse
hybrid_weighted__threshold_1p000__w_0p400__attempt_01,hybrid_weighted__threshold_1p000__w_0p400,new_products,hybrid_weighted,price_spike,15719,5453,0.34690501940326995,1,42,1.0,0.4,coarse
hybrid_weighted__threshold_1p000__w_0p500__attempt_01,hybrid_weighted__threshold_1p000__w_0p500,new_prices,hybrid_weighted,decimal_shift,7752,1390,0.17930856553147576,1,42,1.0,0.5,coarse
hybrid_weighted__threshold_1p000__w_0p500__attempt_01,hybrid_weighted__threshold_1p000__w_0p500,new_prices,hybrid_weighted,list_price_violation,7720,1364,0.1766839378238342,1,42,1.0,0.5,coarse
hybrid_weighted__threshold_1p000__w_0p500__attempt_01,hybrid_weighted__threshold_1p000__w_0p500,new_prices,hybrid_weighted,price_drop,7692,1402,0.18226729069162767,1,42,1.0,0.5,coarse
hybrid_weighted__threshold_1p000__w_0p500__attempt_01,hybrid_weighted__threshold_1p000__w_0p500,new_prices,hybrid_weighted,price_spike,7717,1358,0.1759751198652326,1,42,1.0,0.5,coarse
hybrid_weighted__threshold_1p000__w_0p500__attempt_01,hybrid_weighted__threshold_1p000__w_0p500,new_products,hybrid_weighted,decimal_shift,15715,5568,0.3543111676741966,1,42,1.0,0.5,coarse
hybrid_weighted__threshold_1p000__w_0p500__attempt_01,hybrid_weighted__threshold_1p000__w_0p500,new_products,hybrid_weighted,list_price_violation,15781,4745,0.3006780305430581,1,42,1.0,0.5,coarse
hybrid_weighted__threshold_1p000__w_0p500__attempt_01,hybrid_weighted__threshold_1p000__w_0p500,new_products,hybrid_weighted,price_drop,15910,5488,0.3449402891263356,1,42,1.0,0.5,coarse
hybrid_weighted__threshold_1p000__w_0p500__attempt_01,hybrid_weighted__threshold_1p000__w_0p500,new_products,hybrid_weighted,price_spike,15719,5453,0.34690501940326995,1,42,1.0,0.5,coarse
hybrid_weighted__threshold_1p000__w_0p600__attempt_01,hybrid_weighted__threshold_1p000__w_0p600,new_prices,hybrid_weighted,decimal_shift,7752,1390,0.17930856553147576,1,42,1.0,0.6,coarse
hybrid_weighted__threshold_1p000__w_0p600__attempt_01,hybrid_weighted__threshold_1p000__w_0p600,new_prices,hybrid_weighted,list_price_violation,7720,1363,0.17655440414507773,1,42,1.0,0.6,coarse
hybrid_weighted__threshold_1p000__w_0p600__attempt_01,hybrid_weighted__threshold_1p000__w_0p600,new_prices,hybrid_weighted,price_drop,7692,1402,0.18226729069162767,1,42,1.0,0.6,coarse
hybrid_weighted__threshold_1p000__w_0p600__attempt_01,hybrid_weighted__threshold_1p000__w_0p600,new_prices,hybrid_weighted,price_spike,7717,1358,0.1759751198652326,1,42,1.0,0.6,coarse
hybrid_weighted__threshold_1p000__w_0p600__attempt_01,hybrid_weighted__threshold_1p000__w_0p600,new_products,hybrid_weighted,decimal_shift,15715,5568,0.3543111676741966,1,42,1.0,0.6,coarse
hybrid_weighted__threshold_1p000__w_0p600__attempt_01,hybrid_weighted__threshold_1p000__w_0p600,new_products,hybrid_weighted,list_price_violation,15781,4743,0.30055129586211266,1,42,1.0,0.6,coarse
hybrid_weighted__threshold_1p000__w_0p600__attempt_01,hybrid_weighted__threshold_1p000__w_0p600,new_products,hybrid_weighted,price_drop,15910,5487,0.34487743557510997,1,42,1.0,0.6,coarse
hybrid_weighted__threshold_1p000__w_0p600__attempt_01,hybrid_weighted__threshold_1p000__w_0p600,new_products,hybrid_weighted,price_spike,15719,5453,0.34690501940326995,1,42,1.0,0.6,coarse
hybrid_weighted__threshold_1p000__w_0p700__attempt_01,hybrid_weighted__threshold_1p000__w_0p700,new_prices,hybrid_weighted,decimal_shift,7752,1390,0.17930856553147576,1,42,1.0,0.7,coarse
hybrid_weighted__threshold_1p000__w_0p700__attempt_01,hybrid_weighted__threshold_1p000__w_0p700,new_prices,hybrid_weighted,list_price_violation,7720,1362,0.17642487046632124,1,42,1.0,0.7,coarse
hybrid_weighted__threshold_1p000__w_0p700__attempt_01,hybrid_weighted__threshold_1p000__w_0p700,new_prices,hybrid_weighted,price_drop,7692,1401,0.18213728549141966,1,42,1.0,0.7,coarse
hybrid_weighted__threshold_1p000__w_0p700__attempt_01,hybrid_weighted__threshold_1p000__w_0p700,new_prices,hybrid_weighted,price_spike,7717,1358,0.1759751198652326,1,42,1.0,0.7,coarse
hybrid_weighted__threshold_1p000__w_0p700__attempt_01,hybrid_weighted__threshold_1p000__w_0p700,new_products,hybrid_weighted,decimal_shift,15715,5567,0.35424753420299077,1,42,1.0,0.7,coarse
hybrid_weighted__threshold_1p000__w_0p700__attempt_01,hybrid_weighted__threshold_1p000__w_0p700,new_products,hybrid_weighted,list_price_violation,15781,4742,0.30048792852163997,1,42,1.0,0.7,coarse
hybrid_weighted__threshold_1p000__w_0p700__attempt_01,hybrid_weighted__threshold_1p000__w_0p700,new_products,hybrid_weighted,price_drop,15910,5486,0.3448145820238844,1,42,1.0,0.7,coarse
hybrid_weighted__threshold_1p000__w_0p700__attempt_01,hybrid_weighted__threshold_1p000__w_0p700,new_products,hybrid_weighted,price_spike,15719,5453,0.34690501940326995,1,42,1.0,0.7,coarse
hybrid_weighted__threshold_1p000__w_0p800__attempt_01,hybrid_weighted__threshold_1p000__w_0p800,new_prices,hybrid_weighted,decimal_shift,7752,1390,0.17930856553147576,1,42,1.0,0.8,coarse
hybrid_weighted__threshold_1p000__w_0p800__attempt_01,hybrid_weighted__threshold_1p000__w_0p800,new_prices,hybrid_weighted,list_price_violation,7720,1360,0.17616580310880828,1,42,1.0,0.8,coarse
hybrid_weighted__threshold_1p000__w_0p800__attempt_01,hybrid_weighted__threshold_1p000__w_0p800,new_prices,hybrid_weighted,price_drop,7692,1401,0.18213728549141966,1,42,1.0,0.8,coarse
hybrid_weighted__threshold_1p000__w_0p800__attempt_01,hybrid_weighted__threshold_1p000__w_0p800,new_prices,hybrid_weighted,price_spike,7717,1358,0.1759751198652326,1,42,1.0,0.8,coarse
hybrid_weighted__threshold_1p000__w_0p800__attempt_01,hybrid_weighted__threshold_1p000__w_0p800,new_products,hybrid_weighted,decimal_shift,15715,5566,0.3541839007317849,1,42,1.0,0.8,coarse
hybrid_weighted__threshold_1p000__w_0p800__attempt_01,hybrid_weighted__threshold_1p000__w_0p800,new_products,hybrid_weighted,list_price_violation,15781,4739,0.3002978265002218,1,42,1.0,0.8,coarse
hybrid_weighted__threshold_1p000__w_0p800__attempt_01,hybrid_weighted__threshold_1p000__w_0p800,new_products,hybrid_weighted,price_drop,15910,5484,0.3446888749214331,1,42,1.0,0.8,coarse
hybrid_weighted__threshold_1p000__w_0p800__attempt_01,hybrid_weighted__threshold_1p000__w_0p800,new_products,hybrid_weighted,price_spike,15719,5454,0.34696863668172273,1,42,1.0,0.8,coarse
hybrid_weighted__threshold_1p500__w_0p300__attempt_01,hybrid_weighted__threshold_1p500__w_0p300,new_prices,hybrid_weighted,decimal_shift,7752,1390,0.17930856553147576,1,42,1.5,0.3,coarse
hybrid_weighted__threshold_1p500__w_0p300__attempt_01,hybrid_weighted__threshold_1p500__w_0p300,new_prices,hybrid_weighted,list_price_violation,7720,1344,0.17409326424870467,1,42,1.5,0.3,coarse
hybrid_weighted__threshold_1p500__w_0p300__attempt_01,hybrid_weighted__threshold_1p500__w_0p300,new_prices,hybrid_weighted,price_drop,7692,1400,0.18200728029121166,1,42,1.5,0.3,coarse
hybrid_weighted__threshold_1p500__w_0p300__attempt_01,hybrid_weighted__threshold_1p500__w_0p300,new_prices,hybrid_weighted,price_spike,7717,1358,0.1759751198652326,1,42,1.5,0.3,coarse
hybrid_weighted__threshold_1p500__w_0p300__attempt_01,hybrid_weighted__threshold_1p500__w_0p300,new_products,hybrid_weighted,decimal_shift,15715,5491,0.34941139039134583,1,42,1.5,0.3,coarse
hybrid_weighted__threshold_1p500__w_0p300__attempt_01,hybrid_weighted__threshold_1p500__w_0p300,new_products,hybrid_weighted,list_price_violation,15781,4470,0.28325201191306,1,42,1.5,0.3,coarse
hybrid_weighted__threshold_1p500__w_0p300__attempt_01,hybrid_weighted__threshold_1p500__w_0p300,new_products,hybrid_weighted,price_drop,15910,5248,0.329855436832181,1,42,1.5,0.3,coarse
hybrid_weighted__threshold_1p500__w_0p300__attempt_01,hybrid_weighted__threshold_1p500__w_0p300,new_products,hybrid_weighted,price_spike,15719,5429,0.34537820472040204,1,42,1.5,0.3,coarse
hybrid_weighted__threshold_1p500__w_0p400__attempt_01,hybrid_weighted__threshold_1p500__w_0p400,new_prices,hybrid_weighted,decimal_shift,7752,1390,0.17930856553147576,1,42,1.5,0.4,coarse
hybrid_weighted__threshold_1p500__w_0p400__attempt_01,hybrid_weighted__threshold_1p500__w_0p400,new_prices,hybrid_weighted,list_price_violation,7720,1343,0.17396373056994818,1,42,1.5,0.4,coarse
hybrid_weighted__threshold_1p500__w_0p400__attempt_01,hybrid_weighted__threshold_1p500__w_0p400,new_prices,hybrid_weighted,price_drop,7692,1399,0.18187727509100365,1,42,1.5,0.4,coarse
hybrid_weighted__threshold_1p500__w_0p400__attempt_01,hybrid_weighted__threshold_1p500__w_0p400,new_prices,hybrid_weighted,price_spike,7717,1358,0.1759751198652326,1,42,1.5,0.4,coarse
hybrid_weighted__threshold_1p500__w_0p400__attempt_01,hybrid_weighted__threshold_1p500__w_0p400,new_products,hybrid_weighted,decimal_shift,15715,5488,0.3492204899777283,1,42,1.5,0.4,coarse
hybrid_weighted__threshold_1p500__w_0p400__attempt_01,hybrid_weighted__threshold_1p500__w_0p400,new_products,hybrid_weighted,list_price_violation,15781,4465,0.2829351752106964,1,42,1.5,0.4,coarse
hybrid_weighted__threshold_1p500__w_0p400__attempt_01,hybrid_weighted__threshold_1p500__w_0p400,new_products,hybrid_weighted,price_drop,15910,5246,0.32972972972972975,1,42,1.5,0.4,coarse
hybrid_weighted__threshold_1p500__w_0p400__attempt_01,hybrid_weighted__threshold_1p500__w_0p400,new_products,hybrid_weighted,price_spike,15719,5428,0.34531458744194926,1,42,1.5,0.4,coarse
hybrid_weighted__threshold_1p500__w_0p500__attempt_01,hybrid_weighted__threshold_1p500__w_0p500,new_prices,hybrid_weighted,decimal_shift,7752,1390,0.17930856553147576,1,42,1.5,0.5,coarse
hybrid_weighted__threshold_1p500__w_0p500__attempt_01,hybrid_weighted__threshold_1p500__w_0p500,new_prices,hybrid_weighted,list_price_violation,7720,1339,0.17344559585492228,1,42,1.5,0.5,coarse
hybrid_weighted__threshold_1p500__w_0p500__attempt_01,hybrid_weighted__threshold_1p500__w_0p500,new_prices,hybrid_weighted,price_drop,7692,1398,0.18174726989079562,1,42,1.5,0.5,coarse
hybrid_weighted__threshold_1p500__w_0p500__attempt_01,hybrid_weighted__threshold_1p500__w_0p500,new_prices,hybrid_weighted,price_spike,7717,1358,0.1759751198652326,1,42,1.5,0.5,coarse
hybrid_weighted__threshold_1p500__w_0p500__attempt_01,hybrid_weighted__threshold_1p500__w_0p500,new_products,hybrid_weighted,decimal_shift,15715,5488,0.3492204899777283,1,42,1.5,0.5,coarse
hybrid_weighted__threshold_1p500__w_0p500__attempt_01,hybrid_weighted__threshold_1p500__w_0p500,new_products,hybrid_weighted,list_price_violation,15781,4465,0.2829351752106964,1,42,1.5,0.5,coarse
hybrid_weighted__threshold_1p500__w_0p500__attempt_01,hybrid_weighted__threshold_1p500__w_0p500,new_products,hybrid_weighted,price_drop,15910,5246,0.32972972972972975,1,42,1.5,0.5,coarse
hybrid_weighted__threshold_1p500__w_0p500__attempt_01,hybrid_weighted__threshold_1p500__w_0p500,new_products,hybrid_weighted,price_spike,15719,5426,0.3451873528850436,1,42,1.5,0.5,coarse
hybrid_weighted__threshold_1p500__w_0p600__attempt_01,hybrid_weighted__threshold_1p500__w_0p600,new_prices,hybrid_weighted,decimal_shift,7752,1390,0.17930856553147576,1,42,1.5,0.6,coarse
hybrid_weighted__threshold_1p500__w_0p600__attempt_01,hybrid_weighted__threshold_1p500__w_0p600,new_prices,hybrid_weighted,list_price_violation,7720,1338,0.1733160621761658,1,42,1.5,0.6,coarse
hybrid_weighted__threshold_1p500__w_0p600__attempt_01,hybrid_weighted__threshold_1p500__w_0p600,new_prices,hybrid_weighted,price_drop,7692,1396,0.1814872594903796,1,42,1.5,0.6,coarse
hybrid_weighted__threshold_1p500__w_0p600__attempt_01,hybrid_weighted__threshold_1p500__w_0p600,new_prices,hybrid_weighted,price_spike,7717,1358,0.1759751198652326,1,42,1.5,0.6,coarse
hybrid_weighted__threshold_1p500__w_0p600__attempt_01,hybrid_weighted__threshold_1p500__w_0p600,new_products,hybrid_weighted,decimal_shift,15715,5485,0.34902958956411073,1,42,1.5,0.6,coarse
hybrid_weighted__threshold_1p500__w_0p600__attempt_01,hybrid_weighted__threshold_1p500__w_0p600,new_products,hybrid_weighted,list_price_violation,15781,4463,0.28280844052975096,1,42,1.5,0.6,coarse
hybrid_weighted__threshold_1p500__w_0p600__attempt_01,hybrid_weighted__threshold_1p500__w_0p600,new_products,hybrid_weighted,price_drop,15910,5246,0.32972972972972975,1,42,1.5,0.6,coarse
hybrid_weighted__threshold_1p500__w_0p600__attempt_01,hybrid_weighted__threshold_1p500__w_0p600,new_products,hybrid_weighted,price_spike,15719,5425,0.34512373560659076,1,42,1.5,0.6,coarse
hybrid_weighted__threshold_1p500__w_0p700__attempt_01,hybrid_weighted__threshold_1p500__w_0p700,new_prices,hybrid_weighted,decimal_shift,7752,1390,0.17930856553147576,1,42,1.5,0.7,coarse
hybrid_weighted__threshold_1p500__w_0p700__attempt_01,hybrid_weighted__threshold_1p500__w_0p700,new_prices,hybrid_weighted,list_price_violation,7720,1337,0.17318652849740931,1,42,1.5,0.7,coarse
hybrid_weighted__threshold_1p500__w_0p700__attempt_01,hybrid_weighted__threshold_1p500__w_0p700,new_prices,hybrid_weighted,price_drop,7692,1395,0.1813572542901716,1,42,1.5,0.7,coarse
hybrid_weighted__threshold_1p500__w_0p700__attempt_01,hybrid_weighted__threshold_1p500__w_0p700,new_prices,hybrid_weighted,price_spike,7717,1358,0.1759751198652326,1,42,1.5,0.7,coarse
hybrid_weighted__threshold_1p500__w_0p700__attempt_01,hybrid_weighted__threshold_1p500__w_0p700,new_products,hybrid_weighted,decimal_shift,15715,5482,0.34883868915049315,1,42,1.5,0.7,coarse
hybrid_weighted__threshold_1p500__w_0p700__attempt_01,hybrid_weighted__threshold_1p500__w_0p700,new_products,hybrid_weighted,list_price_violation,15781,4463,0.28280844052975096,1,42,1.5,0.7,coarse
hybrid_weighted__threshold_1p500__w_0p700__attempt_01,hybrid_weighted__threshold_1p500__w_0p700,new_products,hybrid_weighted,price_drop,15910,5243,0.3295411690760528,1,42,1.5,0.7,coarse
hybrid_weighted__threshold_1p500__w_0p700__attempt_01,hybrid_weighted__threshold_1p500__w_0p700,new_products,hybrid_weighted,price_spike,15719,5425,0.34512373560659076,1,42,1.5,0.7,coarse
hybrid_weighted__threshold_1p500__w_0p800__attempt_01,hybrid_weighted__threshold_1p500__w_0p800,new_prices,hybrid_weighted,decimal_shift,7752,1390,0.17930856553147576,1,42,1.5,0.8,coarse
hybrid_weighted__threshold_1p500__w_0p800__attempt_01,hybrid_weighted__threshold_1p500__w_0p800,new_prices,hybrid_weighted,list_price_violation,7720,1335,0.17292746113989638,1,42,1.5,0.8,coarse
hybrid_weighted__threshold_1p500__w_0p800__attempt_01,hybrid_weighted__threshold_1p500__w_0p800,new_prices,hybrid_weighted,price_drop,7692,1395,0.1813572542901716,1,42,1.5,0.8,coarse
hybrid_weighted__threshold_1p500__w_0p800__attempt_01,hybrid_weighted__threshold_1p500__w_0p800,new_prices,hybrid_weighted,price_spike,7717,1358,0.1759751198652326,1,42,1.5,0.8,coarse
hybrid_weighted__threshold_1p500__w_0p800__attempt_01,hybrid_weighted__threshold_1p500__w_0p800,new_products,hybrid_weighted,decimal_shift,15715,5481,0.3487750556792873,1,42,1.5,0.8,coarse
hybrid_weighted__threshold_1p500__w_0p800__attempt_01,hybrid_weighted__threshold_1p500__w_0p800,new_products,hybrid_weighted,list_price_violation,15781,4460,0.2826183385083328,1,42,1.5,0.8,coarse
hybrid_weighted__threshold_1p500__w_0p800__attempt_01,hybrid_weighted__threshold_1p500__w_0p800,new_products,hybrid_weighted,price_drop,15910,5241,0.3294154619736015,1,42,1.5,0.8,coarse
hybrid_weighted__threshold_1p500__w_0p800__attempt_01,hybrid_weighted__threshold_1p500__w_0p800,new_products,hybrid_weighted,price_spike,15719,5424,0.34506011832813793,1,42,1.5,0.8,coarse
hybrid_weighted__threshold_2p000__w_0p300__attempt_01,hybrid_weighted__threshold_2p000__w_0p300,new_prices,hybrid_weighted,decimal_shift,7752,1390,0.17930856553147576,1,42,2.0,0.3,coarse
hybrid_weighted__threshold_2p000__w_0p300__attempt_01,hybrid_weighted__threshold_2p000__w_0p300,new_prices,hybrid_weighted,list_price_violation,7720,1326,0.1717616580310881,1,42,2.0,0.3,coarse
hybrid_weighted__threshold_2p000__w_0p300__attempt_01,hybrid_weighted__threshold_2p000__w_0p300,new_prices,hybrid_weighted,price_drop,7692,1392,0.1809672386895476,1,42,2.0,0.3,coarse
hybrid_weighted__threshold_2p000__w_0p300__attempt_01,hybrid_weighted__threshold_2p000__w_0p300,new_prices,hybrid_weighted,price_spike,7717,1358,0.1759751198652326,1,42,2.0,0.3,coarse
hybrid_weighted__threshold_2p000__w_0p300__attempt_01,hybrid_weighted__threshold_2p000__w_0p300,new_products,hybrid_weighted,decimal_shift,15715,5395,0.3433025771555838,1,42,2.0,0.3,coarse
hybrid_weighted__threshold_2p000__w_0p300__attempt_01,hybrid_weighted__threshold_2p000__w_0p300,new_products,hybrid_weighted,list_price_violation,15781,4194,0.2657626259425892,1,42,2.0,0.3,coarse
hybrid_weighted__threshold_2p000__w_0p300__attempt_01,hybrid_weighted__threshold_2p000__w_0p300,new_products,hybrid_weighted,price_drop,15910,5100,0.32055311125078567,1,42,2.0,0.3,coarse
hybrid_weighted__threshold_2p000__w_0p300__attempt_01,hybrid_weighted__threshold_2p000__w_0p300,new_products,hybrid_weighted,price_spike,15719,5377,0.34207010624085504,1,42,2.0,0.3,coarse
hybrid_weighted__threshold_2p000__w_0p400__attempt_01,hybrid_weighted__threshold_2p000__w_0p400,new_prices,hybrid_weighted,decimal_shift,7752,1390,0.17930856553147576,1,42,2.0,0.4,coarse
hybrid_weighted__threshold_2p000__w_0p400__attempt_01,hybrid_weighted__threshold_2p000__w_0p400,new_prices,hybrid_weighted,list_price_violation,7720,1325,0.1716321243523316,1,42,2.0,0.4,coarse
hybrid_weighted__threshold_2p000__w_0p400__attempt_01,hybrid_weighted__threshold_2p000__w_0p400,new_prices,hybrid_weighted,price_drop,7692,1391,0.18083723348933958,1,42,2.0,0.4,coarse
hybrid_weighted__threshold_2p000__w_0p400__attempt_01,hybrid_weighted__threshold_2p000__w_0p400,new_prices,hybrid_weighted,price_spike,7717,1357,0.17584553582998574,1,42,2.0,0.4,coarse
hybrid_weighted__threshold_2p000__w_0p400__attempt_01,hybrid_weighted__threshold_2p000__w_0p400,new_products,hybrid_weighted,decimal_shift,15715,5392,0.3431116767419663,1,42,2.0,0.4,coarse
hybrid_weighted__threshold_2p000__w_0p400__attempt_01,hybrid_weighted__threshold_2p000__w_0p400,new_products,hybrid_weighted,list_price_violation,15781,4192,0.2656358912616438,1,42,2.0,0.4,coarse
hybrid_weighted__threshold_2p000__w_0p400__attempt_01,hybrid_weighted__threshold_2p000__w_0p400,new_products,hybrid_weighted,price_drop,15910,5097,0.3203645505971087,1,42,2.0,0.4,coarse
hybrid_weighted__threshold_2p000__w_0p400__attempt_01,hybrid_weighted__threshold_2p000__w_0p400,new_products,hybrid_weighted,price_spike,15719,5375,0.3419428716839494,1,42,2.0,0.4,coarse
hybrid_weighted__threshold_2p000__w_0p500__attempt_01,hybrid_weighted__threshold_2p000__w_0p500,new_prices,hybrid_weighted,decimal_shift,7752,1389,0.17917956656346748,1,42,2.0,0.5,coarse
hybrid_weighted__threshold_2p000__w_0p500__attempt_01,hybrid_weighted__threshold_2p000__w_0p500,new_prices,hybrid_weighted,list_price_violation,7720,1322,0.17124352331606219,1,42,2.0,0.5,coarse
hybrid_weighted__threshold_2p000__w_0p500__attempt_01,hybrid_weighted__threshold_2p000__w_0p500,new_prices,hybrid_weighted,price_drop,7692,1389,0.18057722308892354,1,42,2.0,0.5,coarse
hybrid_weighted__threshold_2p000__w_0p500__attempt_01,hybrid_weighted__threshold_2p000__w_0p500,new_prices,hybrid_weighted,price_spike,7717,1357,0.17584553582998574,1,42,2.0,0.5,coarse
hybrid_weighted__threshold_2p000__w_0p500__attempt_01,hybrid_weighted__threshold_2p000__w_0p500,new_products,hybrid_weighted,decimal_shift,15715,5389,0.3429207763283487,1,42,2.0,0.5,coarse
hybrid_weighted__threshold_2p000__w_0p500__attempt_01,hybrid_weighted__threshold_2p000__w_0p500,new_products,hybrid_weighted,list_price_violation,15781,4190,0.2655091565806983,1,42,2.0,0.5,coarse
hybrid_weighted__threshold_2p000__w_0p500__attempt_01,hybrid_weighted__threshold_2p000__w_0p500,new_products,hybrid_weighted,price_drop,15910,5098,0.32042740414833437,1,42,2.0,0.5,coarse
hybrid_weighted__threshold_2p000__w_0p500__attempt_01,hybrid_weighted__threshold_2p000__w_0p500,new_products,hybrid_weighted,price_spike,15719,5374,0.34187925440549655,1,42,2.0,0.5,coarse
hybrid_weighted__threshold_2p000__w_0p600__attempt_01,hybrid_weighted__threshold_2p000__w_0p600,new_prices,hybrid_weighted,decimal_shift,7752,1388,0.17905056759545923,1,42,2.0,0.6,coarse
hybrid_weighted__threshold_2p000__w_0p600__attempt_01,hybrid_weighted__threshold_2p000__w_0p600,new_prices,hybrid_weighted,list_price_violation,7720,1317,0.1705958549222798,1,42,2.0,0.6,coarse
hybrid_weighted__threshold_2p000__w_0p600__attempt_01,hybrid_weighted__threshold_2p000__w_0p600,new_prices,hybrid_weighted,price_drop,7692,1387,0.18031721268850753,1,42,2.0,0.6,coarse
hybrid_weighted__threshold_2p000__w_0p600__attempt_01,hybrid_weighted__threshold_2p000__w_0p600,new_prices,hybrid_weighted,price_spike,7717,1357,0.17584553582998574,1,42,2.0,0.6,coarse
hybrid_weighted__threshold_2p000__w_0p600__attempt_01,hybrid_weighted__threshold_2p000__w_0p600,new_products,hybrid_weighted,decimal_shift,15715,5388,0.34285714285714286,1,42,2.0,0.6,coarse
hybrid_weighted__threshold_2p000__w_0p600__attempt_01,hybrid_weighted__threshold_2p000__w_0p600,new_products,hybrid_weighted,list_price_violation,15781,4186,0.26525568721880743,1,42,2.0,0.6,coarse
hybrid_weighted__threshold_2p000__w_0p600__attempt_01,hybrid_weighted__threshold_2p000__w_0p600,new_products,hybrid_weighted,price_drop,15910,5095,0.3202388434946574,1,42,2.0,0.6,coarse
hybrid_weighted__threshold_2p000__w_0p600__attempt_01,hybrid_weighted__threshold_2p000__w_0p600,new_products,hybrid_weighted,price_spike,15719,5373,0.3418156371270437,1,42,2.0,0.6,coarse
hybrid_weighted__threshold_2p000__w_0p700__attempt_01,hybrid_weighted__threshold_2p000__w_0p700,new_prices,hybrid_weighted,decimal_shift,7752,1387,0.17892156862745098,1,42,2.0,0.7,coarse
hybrid_weighted__threshold_2p000__w_0p700__attempt_01,hybrid_weighted__threshold_2p000__w_0p700,new_prices,hybrid_weighted,list_price_violation,7720,1314,0.17020725388601035,1,42,2.0,0.7,coarse
hybrid_weighted__threshold_2p000__w_0p700__attempt_01,hybrid_weighted__threshold_2p000__w_0p700,new_prices,hybrid_weighted,price_drop,7692,1386,0.18018720748829953,1,42,2.0,0.7,coarse
hybrid_weighted__threshold_2p000__w_0p700__attempt_01,hybrid_weighted__threshold_2p000__w_0p700,new_prices,hybrid_weighted,price_spike,7717,1357,0.17584553582998574,1,42,2.0,0.7,coarse
hybrid_weighted__threshold_2p000__w_0p700__attempt_01,hybrid_weighted__threshold_2p000__w_0p700,new_products,hybrid_weighted,decimal_shift,15715,5389,0.3429207763283487,1,42,2.0,0.7,coarse
hybrid_weighted__threshold_2p000__w_0p700__attempt_01,hybrid_weighted__threshold_2p000__w_0p700,new_products,hybrid_weighted,list_price_violation,15781,4180,0.2648754831759711,1,42,2.0,0.7,coarse
hybrid_weighted__threshold_2p000__w_0p700__attempt_01,hybrid_weighted__threshold_2p000__w_0p700,new_products,hybrid_weighted,price_drop,15910,5091,0.3199874292897549,1,42,2.0,0.7,coarse
hybrid_weighted__threshold_2p000__w_0p700__attempt_01,hybrid_weighted__threshold_2p000__w_0p700,new_products,hybrid_weighted,price_spike,15719,5373,0.3418156371270437,1,42,2.0,0.7,coarse
hybrid_weighted__threshold_2p000__w_0p800__attempt_01,hybrid_weighted__threshold_2p000__w_0p800,new_prices,hybrid_weighted,decimal_shift,7752,1385,0.17866357069143446,1,42,2.0,0.8,coarse
hybrid_weighted__threshold_2p000__w_0p800__attempt_01,hybrid_weighted__threshold_2p000__w_0p800,new_prices,hybrid_weighted,list_price_violation,7720,1309,0.16955958549222797,1,42,2.0,0.8,coarse
hybrid_weighted__threshold_2p000__w_0p800__attempt_01,hybrid_weighted__threshold_2p000__w_0p800,new_prices,hybrid_weighted,price_drop,7692,1382,0.1796671866874675,1,42,2.0,0.8,coarse
hybrid_weighted__threshold_2p000__w_0p800__attempt_01,hybrid_weighted__threshold_2p000__w_0p800,new_prices,hybrid_weighted,price_spike,7717,1357,0.17584553582998574,1,42,2.0,0.8,coarse
hybrid_weighted__threshold_2p000__w_0p800__attempt_01,hybrid_weighted__threshold_2p000__w_0p800,new_products,hybrid_weighted,decimal_shift,15715,5387,0.342793509385937,1,42,2.0,0.8,coarse
hybrid_weighted__threshold_2p000__w_0p800__attempt_01,hybrid_weighted__threshold_2p000__w_0p800,new_products,hybrid_weighted,list_price_violation,15781,4174,0.2644952791331348,1,42,2.0,0.8,coarse
hybrid_weighted__threshold_2p000__w_0p800__attempt_01,hybrid_weighted__threshold_2p000__w_0p800,new_products,hybrid_weighted,price_drop,15910,5087,0.3197360150848523,1,42,2.0,0.8,coarse
hybrid_weighted__threshold_2p000__w_0p800__attempt_01,hybrid_weighted__threshold_2p000__w_0p800,new_products,hybrid_weighted,price_spike,15719,5372,0.3417520198485909,1,42,2.0,0.8,coarse
hybrid_weighted__threshold_2p500__w_0p300__attempt_01,hybrid_weighted__threshold_2p500__w_0p300,new_prices,hybrid_weighted,decimal_shift,7752,1383,0.17840557275541796,1,42,2.5,0.3,coarse
hybrid_weighted__threshold_2p500__w_0p300__attempt_01,hybrid_weighted__threshold_2p500__w_0p300,new_prices,hybrid_weighted,list_price_violation,7720,1298,0.16813471502590674,1,42,2.5,0.3,coarse
hybrid_weighted__threshold_2p500__w_0p300__attempt_01,hybrid_weighted__threshold_2p500__w_0p300,new_prices,hybrid_weighted,price_drop,7692,1379,0.17927717108684346,1,42,2.5,0.3,coarse
hybrid_weighted__threshold_2p500__w_0p300__attempt_01,hybrid_weighted__threshold_2p500__w_0p300,new_prices,hybrid_weighted,price_spike,7717,1357,0.17584553582998574,1,42,2.5,0.3,coarse
hybrid_weighted__threshold_2p500__w_0p300__attempt_01,hybrid_weighted__threshold_2p500__w_0p300,new_products,hybrid_weighted,decimal_shift,15715,5332,0.339293668469615,1,42,2.5,0.3,coarse
hybrid_weighted__threshold_2p500__w_0p300__attempt_01,hybrid_weighted__threshold_2p500__w_0p300,new_products,hybrid_weighted,list_price_violation,15781,3991,0.252899055826627,1,42,2.5,0.3,coarse
hybrid_weighted__threshold_2p500__w_0p300__attempt_01,hybrid_weighted__threshold_2p500__w_0p300,new_products,hybrid_weighted,price_drop,15910,4959,0.31169076052796985,1,42,2.5,0.3,coarse
hybrid_weighted__threshold_2p500__w_0p300__attempt_01,hybrid_weighted__threshold_2p500__w_0p300,new_products,hybrid_weighted,price_spike,15719,5326,0.3388256250397608,1,42,2.5,0.3,coarse
hybrid_weighted__threshold_2p500__w_0p400__attempt_01,hybrid_weighted__threshold_2p500__w_0p400,new_prices,hybrid_weighted,decimal_shift,7752,1382,0.17827657378740971,1,42,2.5,0.4,coarse
hybrid_weighted__threshold_2p500__w_0p400__attempt_01,hybrid_weighted__threshold_2p500__w_0p400,new_prices,hybrid_weighted,list_price_violation,7720,1294,0.16761658031088084,1,42,2.5,0.4,coarse
hybrid_weighted__threshold_2p500__w_0p400__attempt_01,hybrid_weighted__threshold_2p500__w_0p400,new_prices,hybrid_weighted,price_drop,7692,1379,0.17927717108684346,1,42,2.5,0.4,coarse
hybrid_weighted__threshold_2p500__w_0p400__attempt_01,hybrid_weighted__threshold_2p500__w_0p400,new_prices,hybrid_weighted,price_spike,7717,1357,0.17584553582998574,1,42,2.5,0.4,coarse
hybrid_weighted__threshold_2p500__w_0p400__attempt_01,hybrid_weighted__threshold_2p500__w_0p400,new_products,hybrid_weighted,decimal_shift,15715,5329,0.33910276805599743,1,42,2.5,0.4,coarse
hybrid_weighted__threshold_2p500__w_0p400__attempt_01,hybrid_weighted__threshold_2p500__w_0p400,new_products,hybrid_weighted,list_price_violation,15781,3986,0.2525822191242634,1,42,2.5,0.4,coarse
hybrid_weighted__threshold_2p500__w_0p400__attempt_01,hybrid_weighted__threshold_2p500__w_0p400,new_products,hybrid_weighted,price_drop,15910,4953,0.31131363922061595,1,42,2.5,0.4,coarse
hybrid_weighted__threshold_2p500__w_0p400__attempt_01,hybrid_weighted__threshold_2p500__w_0p400,new_products,hybrid_weighted,price_spike,15719,5325,0.338762007761308,1,42,2.5,0.4,coarse
hybrid_weighted__threshold_2p500__w_0p500__attempt_01,hybrid_weighted__threshold_2p500__w_0p500,new_prices,hybrid_weighted,decimal_shift,7752,1381,0.17814757481940144,1,42,2.5,0.5,coarse
hybrid_weighted__threshold_2p500__w_0p500__attempt_01,hybrid_weighted__threshold_2p500__w_0p500,new_prices,hybrid_weighted,list_price_violation,7720,1294,0.16761658031088084,1,42,2.5,0.5,coarse
hybrid_weighted__threshold_2p500__w_0p500__attempt_01,hybrid_weighted__threshold_2p500__w_0p500,new_prices,hybrid_weighted,price_drop,7692,1379,0.17927717108684346,1,42,2.5,0.5,coarse
hybrid_weighted__threshold_2p500__w_0p500__attempt_01,hybrid_weighted__threshold_2p500__w_0p500,new_prices,hybrid_weighted,price_spike,7717,1357,0.17584553582998574,1,42,2.5,0.5,coarse
hybrid_weighted__threshold_2p500__w_0p500__attempt_01,hybrid_weighted__threshold_2p500__w_0p500,new_products,hybrid_weighted,decimal_shift,15715,5330,0.3391664015272033,1,42,2.5,0.5,coarse
hybrid_weighted__threshold_2p500__w_0p500__attempt_01,hybrid_weighted__threshold_2p500__w_0p500,new_products,hybrid_weighted,list_price_violation,15781,3980,0.25220201508142703,1,42,2.5,0.5,coarse
hybrid_weighted__threshold_2p500__w_0p500__attempt_01,hybrid_weighted__threshold_2p500__w_0p500,new_products,hybrid_weighted,price_drop,15910,4948,0.31099937146448775,1,42,2.5,0.5,coarse
hybrid_weighted__threshold_2p500__w_0p500__attempt_01,hybrid_weighted__threshold_2p500__w_0p500,new_products,hybrid_weighted,price_spike,15719,5323,0.33863477320440233,1,42,2.5,0.5,coarse
hybrid_weighted__threshold_2p500__w_0p600__attempt_01,hybrid_weighted__threshold_2p500__w_0p600,new_prices,hybrid_weighted,decimal_shift,7752,1380,0.1780185758513932,1,42,2.5,0.6,coarse
hybrid_weighted__threshold_2p500__w_0p600__attempt_01,hybrid_weighted__threshold_2p500__w_0p600,new_prices,hybrid_weighted,list_price_violation,7720,1292,0.16735751295336787,1,42,2.5,0.6,coarse
hybrid_weighted__threshold_2p500__w_0p600__attempt_01,hybrid_weighted__threshold_2p500__w_0p600,new_prices,hybrid_weighted,price_drop,7692,1376,0.17888715548621945,1,42,2.5,0.6,coarse
hybrid_weighted__threshold_2p500__w_0p600__attempt_01,hybrid_weighted__threshold_2p500__w_0p600,new_prices,hybrid_weighted,price_spike,7717,1356,0.1757159517947389,1,42,2.5,0.6,coarse
hybrid_weighted__threshold_2p500__w_0p600__attempt_01,hybrid_weighted__threshold_2p500__w_0p600,new_products,hybrid_weighted,decimal_shift,15715,5326,0.3389118676423799,1,42,2.5,0.6,coarse
hybrid_weighted__threshold_2p500__w_0p600__attempt_01,hybrid_weighted__threshold_2p500__w_0p600,new_products,hybrid_weighted,list_price_violation,15781,3976,0.2519485457195362,1,42,2.5,0.6,coarse
hybrid_weighted__threshold_2p500__w_0p600__attempt_01,hybrid_weighted__threshold_2p500__w_0p600,new_products,hybrid_weighted,price_drop,15910,4944,0.31074795725958515,1,42,2.5,0.6,coarse
hybrid_weighted__threshold_2p500__w_0p600__attempt_01,hybrid_weighted__threshold_2p500__w_0p600,new_products,hybrid_weighted,price_spike,15719,5323,0.33863477320440233,1,42,2.5,0.6,coarse
hybrid_weighted__threshold_2p500__w_0p700__attempt_01,hybrid_weighted__threshold_2p500__w_0p700,new_prices,hybrid_weighted,decimal_shift,7752,1380,0.1780185758513932,1,42,2.5,0.7,coarse
hybrid_weighted__threshold_2p500__w_0p700__attempt_01,hybrid_weighted__threshold_2p500__w_0p700,new_prices,hybrid_weighted,list_price_violation,7720,1284,0.16632124352331606,1,42,2.5,0.7,coarse
hybrid_weighted__threshold_2p500__w_0p700__attempt_01,hybrid_weighted__threshold_2p500__w_0p700,new_prices,hybrid_weighted,price_drop,7692,1376,0.17888715548621945,1,42,2.5,0.7,coarse
hybrid_weighted__threshold_2p500__w_0p700__attempt_01,hybrid_weighted__threshold_2p500__w_0p700,new_prices,hybrid_weighted,price_spike,7717,1356,0.1757159517947389,1,42,2.5,0.7,coarse
hybrid_weighted__threshold_2p500__w_0p700__attempt_01,hybrid_weighted__threshold_2p500__w_0p700,new_products,hybrid_weighted,decimal_shift,15715,5325,0.33884823417117405,1,42,2.5,0.7,coarse
hybrid_weighted__threshold_2p500__w_0p700__attempt_01,hybrid_weighted__threshold_2p500__w_0p700,new_products,hybrid_weighted,list_price_violation,15781,3972,0.25169507635764526,1,42,2.5,0.7,coarse
hybrid_weighted__threshold_2p500__w_0p700__attempt_01,hybrid_weighted__threshold_2p500__w_0p700,new_products,hybrid_weighted,price_drop,15910,4940,0.3104965430546826,1,42,2.5,0.7,coarse
hybrid_weighted__threshold_2p500__w_0p700__attempt_01,hybrid_weighted__threshold_2p500__w_0p700,new_products,hybrid_weighted,price_spike,15719,5323,0.33863477320440233,1,42,2.5,0.7,coarse
hybrid_weighted__threshold_2p500__w_0p800__attempt_01,hybrid_weighted__threshold_2p500__w_0p800,new_prices,hybrid_weighted,decimal_shift,7752,1380,0.1780185758513932,1,42,2.5,0.8,coarse
hybrid_weighted__threshold_2p500__w_0p800__attempt_01,hybrid_weighted__threshold_2p500__w_0p800,new_prices,hybrid_weighted,list_price_violation,7720,1282,0.1660621761658031,1,42,2.5,0.8,coarse
hybrid_weighted__threshold_2p500__w_0p800__attempt_01,hybrid_weighted__threshold_2p500__w_0p800,new_prices,hybrid_weighted,price_drop,7692,1375,0.17875715028601144,1,42,2.5,0.8,coarse
hybrid_weighted__threshold_2p500__w_0p800__attempt_01,hybrid_weighted__threshold_2p500__w_0p800,new_prices,hybrid_weighted,price_spike,7717,1355,0.17558636775949202,1,42,2.5,0.8,coarse
hybrid_weighted__threshold_2p500__w_0p800__attempt_01,hybrid_weighted__threshold_2p500__w_0p800,new_products,hybrid_weighted,decimal_shift,15715,5323,0.3387209672287623,1,42,2.5,0.8,coarse
hybrid_weighted__threshold_2p500__w_0p800__attempt_01,hybrid_weighted__threshold_2p500__w_0p800,new_products,hybrid_weighted,list_price_violation,15781,3970,0.25156834167669984,1,42,2.5,0.8,coarse
hybrid_weighted__threshold_2p500__w_0p800__attempt_01,hybrid_weighted__threshold_2p500__w_0p800,new_products,hybrid_weighted,price_drop,15910,4938,0.3103708359522313,1,42,2.5,0.8,coarse
hybrid_weighted__threshold_2p500__w_0p800__attempt_01,hybrid_weighted__threshold_2p500__w_0p800,new_products,hybrid_weighted,price_spike,15719,5324,0.33869839048285516,1,42,2.5,0.8,coarse
hybrid_weighted__threshold_3p000__w_0p300__attempt_01,hybrid_weighted__threshold_3p000__w_0p300,new_prices,hybrid_weighted,decimal_shift,7752,1380,0.1780185758513932,1,42,3.0,0.3,coarse
hybrid_weighted__threshold_3p000__w_0p300__attempt_01,hybrid_weighted__threshold_3p000__w_0p300,new_prices,hybrid_weighted,list_price_violation,7720,1281,0.16593264248704664,1,42,3.0,0.3,coarse
hybrid_weighted__threshold_3p000__w_0p300__attempt_01,hybrid_weighted__threshold_3p000__w_0p300,new_prices,hybrid_weighted,price_drop,7692,1374,0.17862714508580343,1,42,3.0,0.3,coarse
hybrid_weighted__threshold_3p000__w_0p300__attempt_01,hybrid_weighted__threshold_3p000__w_0p300,new_prices,hybrid_weighted,price_spike,7717,1355,0.17558636775949202,1,42,3.0,0.3,coarse
hybrid_weighted__threshold_3p000__w_0p300__attempt_01,hybrid_weighted__threshold_3p000__w_0p300,new_products,hybrid_weighted,decimal_shift,15715,5269,0.3352847597836462,1,42,3.0,0.3,coarse
hybrid_weighted__threshold_3p000__w_0p300__attempt_01,hybrid_weighted__threshold_3p000__w_0p300,new_products,hybrid_weighted,list_price_violation,15781,3821,0.2421266079462645,1,42,3.0,0.3,coarse
hybrid_weighted__threshold_3p000__w_0p300__attempt_01,hybrid_weighted__threshold_3p000__w_0p300,new_products,hybrid_weighted,price_drop,15910,4798,0.30157133878064113,1,42,3.0,0.3,coarse
hybrid_weighted__threshold_3p000__w_0p300__attempt_01,hybrid_weighted__threshold_3p000__w_0p300,new_products,hybrid_weighted,price_spike,15719,5264,0.33488135377568545,1,42,3.0,0.3,coarse
hybrid_weighted__threshold_3p000__w_0p400__attempt_01,hybrid_weighted__threshold_3p000__w_0p400,new_prices,hybrid_weighted,decimal_shift,7752,1380,0.1780185758513932,1,42,3.0,0.4,coarse
hybrid_weighted__threshold_3p000__w_0p400__attempt_01,hybrid_weighted__threshold_3p000__w_0p400,new_prices,hybrid_weighted,list_price_violation,7720,1276,0.16528497409326426,1,42,3.0,0.4,coarse
hybrid_weighted__threshold_3p000__w_0p400__attempt_01,hybrid_weighted__threshold_3p000__w_0p400,new_prices,hybrid_weighted,price_drop,7692,1374,0.17862714508580343,1,42,3.0,0.4,coarse
hybrid_weighted__threshold_3p000__w_0p400__attempt_01,hybrid_weighted__threshold_3p000__w_0p400,new_prices,hybrid_weighted,price_spike,7717,1355,0.17558636775949202,1,42,3.0,0.4,coarse
hybrid_weighted__threshold_3p000__w_0p400__attempt_01,hybrid_weighted__threshold_3p000__w_0p400,new_products,hybrid_weighted,decimal_shift,15715,5267,0.3351574928412345,1,42,3.0,0.4,coarse
hybrid_weighted__threshold_3p000__w_0p400__attempt_01,hybrid_weighted__threshold_3p000__w_0p400,new_products,hybrid_weighted,list_price_violation,15781,3814,0.24168303656295545,1,42,3.0,0.4,coarse
hybrid_weighted__threshold_3p000__w_0p400__attempt_01,hybrid_weighted__threshold_3p000__w_0p400,new_products,hybrid_weighted,price_drop,15910,4791,0.3011313639220616,1,42,3.0,0.4,coarse
hybrid_weighted__threshold_3p000__w_0p400__attempt_01,hybrid_weighted__threshold_3p000__w_0p400,new_products,hybrid_weighted,price_spike,15719,5261,0.334690501940327,1,42,3.0,0.4,coarse
hybrid_weighted__threshold_3p000__w_0p500__attempt_01,hybrid_weighted__threshold_3p000__w_0p500,new_prices,hybrid_weighted,decimal_shift,7752,1379,0.17788957688338494,1,42,3.0,0.5,coarse
hybrid_weighted__threshold_3p000__w_0p500__attempt_01,hybrid_weighted__threshold_3p000__w_0p500,new_prices,hybrid_weighted,list_price_violation,7720,1271,0.16463730569948187,1,42,3.0,0.5,coarse
hybrid_weighted__threshold_3p000__w_0p500__attempt_01,hybrid_weighted__threshold_3p000__w_0p500,new_prices,hybrid_weighted,price_drop,7692,1371,0.17823712948517942,1,42,3.0,0.5,coarse
hybrid_weighted__threshold_3p000__w_0p500__attempt_01,hybrid_weighted__threshold_3p000__w_0p500,new_prices,hybrid_weighted,price_spike,7717,1355,0.17558636775949202,1,42,3.0,0.5,coarse
hybrid_weighted__threshold_3p000__w_0p500__attempt_01,hybrid_weighted__threshold_3p000__w_0p500,new_products,hybrid_weighted,decimal_shift,15715,5263,0.3349029589564111,1,42,3.0,0.5,coarse
hybrid_weighted__threshold_3p000__w_0p500__attempt_01,hybrid_weighted__threshold_3p000__w_0p500,new_products,hybrid_weighted,list_price_violation,15781,3805,0.24111273049870097,1,42,3.0,0.5,coarse
hybrid_weighted__threshold_3p000__w_0p500__attempt_01,hybrid_weighted__threshold_3p000__w_0p500,new_products,hybrid_weighted,price_drop,15910,4787,0.30087994971715903,1,42,3.0,0.5,coarse
hybrid_weighted__threshold_3p000__w_0p500__attempt_01,hybrid_weighted__threshold_3p000__w_0p500,new_products,hybrid_weighted,price_spike,15719,5257,0.3344360328265157,1,42,3.0,0.5,coarse
hybrid_weighted__threshold_3p000__w_0p600__attempt_01,hybrid_weighted__threshold_3p000__w_0p600,new_prices,hybrid_weighted,decimal_shift,7752,1379,0.17788957688338494,1,42,3.0,0.6,coarse
hybrid_weighted__threshold_3p000__w_0p600__attempt_01,hybrid_weighted__threshold_3p000__w_0p600,new_prices,hybrid_weighted,list_price_violation,7720,1268,0.16424870466321242,1,42,3.0,0.6,coarse
hybrid_weighted__threshold_3p000__w_0p600__attempt_01,hybrid_weighted__threshold_3p000__w_0p600,new_prices,hybrid_weighted,price_drop,7692,1369,0.17797711908476338,1,42,3.0,0.6,coarse
hybrid_weighted__threshold_3p000__w_0p600__attempt_01,hybrid_weighted__threshold_3p000__w_0p600,new_prices,hybrid_weighted,price_spike,7717,1355,0.17558636775949202,1,42,3.0,0.6,coarse
hybrid_weighted__threshold_3p000__w_0p600__attempt_01,hybrid_weighted__threshold_3p000__w_0p600,new_products,hybrid_weighted,decimal_shift,15715,5261,0.33477569201399937,1,42,3.0,0.6,coarse
hybrid_weighted__threshold_3p000__w_0p600__attempt_01,hybrid_weighted__threshold_3p000__w_0p600,new_products,hybrid_weighted,list_price_violation,15781,3799,0.24073252645586465,1,42,3.0,0.6,coarse
hybrid_weighted__threshold_3p000__w_0p600__attempt_01,hybrid_weighted__threshold_3p000__w_0p600,new_products,hybrid_weighted,price_drop,15910,4778,0.30031426775612824,1,42,3.0,0.6,coarse
hybrid_weighted__threshold_3p000__w_0p600__attempt_01,hybrid_weighted__threshold_3p000__w_0p600,new_products,hybrid_weighted,price_spike,15719,5256,0.33437241554806285,1,42,3.0,0.6,coarse
hybrid_weighted__threshold_3p000__w_0p700__attempt_01,hybrid_weighted__threshold_3p000__w_0p700,new_prices,hybrid_weighted,decimal_shift,7752,1379,0.17788957688338494,1,42,3.0,0.7,coarse
hybrid_weighted__threshold_3p000__w_0p700__attempt_01,hybrid_weighted__threshold_3p000__w_0p700,new_prices,hybrid_weighted,list_price_violation,7720,1265,0.163860103626943,1,42,3.0,0.7,coarse
hybrid_weighted__threshold_3p000__w_0p700__attempt_01,hybrid_weighted__threshold_3p000__w_0p700,new_prices,hybrid_weighted,price_drop,7692,1369,0.17797711908476338,1,42,3.0,0.7,coarse
hybrid_weighted__threshold_3p000__w_0p700__attempt_01,hybrid_weighted__threshold_3p000__w_0p700,new_prices,hybrid_weighted,price_spike,7717,1354,0.17545678372424517,1,42,3.0,0.7,coarse
hybrid_weighted__threshold_3p000__w_0p700__attempt_01,hybrid_weighted__threshold_3p000__w_0p700,new_products,hybrid_weighted,decimal_shift,15715,5258,0.3345847916003818,1,42,3.0,0.7,coarse
hybrid_weighted__threshold_3p000__w_0p700__attempt_01,hybrid_weighted__threshold_3p000__w_0p700,new_products,hybrid_weighted,list_price_violation,15781,3793,0.2403523224130283,1,42,3.0,0.7,coarse
hybrid_weighted__threshold_3p000__w_0p700__attempt_01,hybrid_weighted__threshold_3p000__w_0p700,new_products,hybrid_weighted,price_drop,15910,4770,0.2998114393463231,1,42,3.0,0.7,coarse
hybrid_weighted__threshold_3p000__w_0p700__attempt_01,hybrid_weighted__threshold_3p000__w_0p700,new_products,hybrid_weighted,price_spike,15719,5252,0.3341179464342515,1,42,3.0,0.7,coarse
hybrid_weighted__threshold_3p000__w_0p800__attempt_01,hybrid_weighted__threshold_3p000__w_0p800,new_prices,hybrid_weighted,decimal_shift,7752,1378,0.17776057791537667,1,42,3.0,0.8,coarse
hybrid_weighted__threshold_3p000__w_0p800__attempt_01,hybrid_weighted__threshold_3p000__w_0p800,new_prices,hybrid_weighted,list_price_violation,7720,1263,0.16360103626943004,1,42,3.0,0.8,coarse
hybrid_weighted__threshold_3p000__w_0p800__attempt_01,hybrid_weighted__threshold_3p000__w_0p800,new_prices,hybrid_weighted,price_drop,7692,1369,0.17797711908476338,1,42,3.0,0.8,coarse
hybrid_weighted__threshold_3p000__w_0p800__attempt_01,hybrid_weighted__threshold_3p000__w_0p800,new_prices,hybrid_weighted,price_spike,7717,1354,0.17545678372424517,1,42,3.0,0.8,coarse
hybrid_weighted__threshold_3p000__w_0p800__attempt_01,hybrid_weighted__threshold_3p000__w_0p800,new_products,hybrid_weighted,decimal_shift,15715,5257,0.33452115812917593,1,42,3.0,0.8,coarse
hybrid_weighted__threshold_3p000__w_0p800__attempt_01,hybrid_weighted__threshold_3p000__w_0p800,new_products,hybrid_weighted,list_price_violation,15781,3792,0.2402889550725556,1,42,3.0,0.8,coarse
hybrid_weighted__threshold_3p000__w_0p800__attempt_01,hybrid_weighted__threshold_3p000__w_0p800,new_products,hybrid_weighted,price_drop,15910,4763,0.29937146448774354,1,42,3.0,0.8,coarse
hybrid_weighted__threshold_3p000__w_0p800__attempt_01,hybrid_weighted__threshold_3p000__w_0p800,new_products,hybrid_weighted,price_spike,15719,5250,0.3339907118773459,1,42,3.0,0.8,coarse
hybrid_weighted__threshold_1p000__w_0p750__attempt_01,hybrid_weighted__threshold_1p000__w_0p750,new_prices,hybrid_weighted,decimal_shift,7752,1390,0.17930856553147576,1,42,1.0,0.75,refine
hybrid_weighted__threshold_1p000__w_0p750__attempt_01,hybrid_weighted__threshold_1p000__w_0p750,new_prices,hybrid_weighted,list_price_violation,7720,1362,0.17642487046632124,1,42,1.0,0.75,refine
hybrid_weighted__threshold_1p000__w_0p750__attempt_01,hybrid_weighted__threshold_1p000__w_0p750,new_prices,hybrid_weighted,price_drop,7692,1401,0.18213728549141966,1,42,1.0,0.75,refine
hybrid_weighted__threshold_1p000__w_0p750__attempt_01,hybrid_weighted__threshold_1p000__w_0p750,new_prices,hybrid_weighted,price_spike,7717,1358,0.1759751198652326,1,42,1.0,0.75,refine
hybrid_weighted__threshold_1p000__w_0p750__attempt_01,hybrid_weighted__threshold_1p000__w_0p750,new_products,hybrid_weighted,decimal_shift,15715,5567,0.35424753420299077,1,42,1.0,0.75,refine
hybrid_weighted__threshold_1p000__w_0p750__attempt_01,hybrid_weighted__threshold_1p000__w_0p750,new_products,hybrid_weighted,list_price_violation,15781,4741,0.3004245611811672,1,42,1.0,0.75,refine
hybrid_weighted__threshold_1p000__w_0p750__attempt_01,hybrid_weighted__threshold_1p000__w_0p750,new_products,hybrid_weighted,price_drop,15910,5485,0.3447517284726587,1,42,1.0,0.75,refine
hybrid_weighted__threshold_1p000__w_0p750__attempt_01,hybrid_weighted__threshold_1p000__w_0p750,new_products,hybrid_weighted,price_spike,15719,5453,0.34690501940326995,1,42,1.0,0.75,refine
hybrid_weighted__threshold_1p000__w_0p850__attempt_01,hybrid_weighted__threshold_1p000__w_0p850,new_prices,hybrid_weighted,decimal_shift,7752,1390,0.17930856553147576,1,42,1.0,0.85,refine
hybrid_weighted__threshold_1p000__w_0p850__attempt_01,hybrid_weighted__threshold_1p000__w_0p850,new_prices,hybrid_weighted,list_price_violation,7720,1360,0.17616580310880828,1,42,1.0,0.85,refine
hybrid_weighted__threshold_1p000__w_0p850__attempt_01,hybrid_weighted__threshold_1p000__w_0p850,new_prices,hybrid_weighted,price_drop,7692,1401,0.18213728549141966,1,42,1.0,0.85,refine
hybrid_weighted__threshold_1p000__w_0p850__attempt_01,hybrid_weighted__threshold_1p000__w_0p850,new_prices,hybrid_weighted,price_spike,7717,1358,0.1759751198652326,1,42,1.0,0.85,refine
hybrid_weighted__threshold_1p000__w_0p850__attempt_01,hybrid_weighted__threshold_1p000__w_0p850,new_products,hybrid_weighted,decimal_shift,15715,5565,0.35412026726057905,1,42,1.0,0.85,refine
hybrid_weighted__threshold_1p000__w_0p850__attempt_01,hybrid_weighted__threshold_1p000__w_0p850,new_products,hybrid_weighted,list_price_violation,15781,4739,0.3002978265002218,1,42,1.0,0.85,refine
hybrid_weighted__threshold_1p000__w_0p850__attempt_01,hybrid_weighted__threshold_1p000__w_0p850,new_products,hybrid_weighted,price_drop,15910,5483,0.3446260213702074,1,42,1.0,0.85,refine
hybrid_weighted__threshold_1p000__w_0p850__attempt_01,hybrid_weighted__threshold_1p000__w_0p850,new_products,hybrid_weighted,price_spike,15719,5454,0.34696863668172273,1,42,1.0,0.85,refine
hybrid_weighted__threshold_1p000__w_0p900__attempt_01,hybrid_weighted__threshold_1p000__w_0p900,new_prices,hybrid_weighted,decimal_shift,7752,1390,0.17930856553147576,1,42,1.0,0.9,refine
hybrid_weighted__threshold_1p000__w_0p900__attempt_01,hybrid_weighted__threshold_1p000__w_0p900,new_prices,hybrid_weighted,list_price_violation,7720,1360,0.17616580310880828,1,42,1.0,0.9,refine
hybrid_weighted__threshold_1p000__w_0p900__attempt_01,hybrid_weighted__threshold_1p000__w_0p900,new_prices,hybrid_weighted,price_drop,7692,1401,0.18213728549141966,1,42,1.0,0.9,refine
hybrid_weighted__threshold_1p000__w_0p900__attempt_01,hybrid_weighted__threshold_1p000__w_0p900,new_prices,hybrid_weighted,price_spike,7717,1358,0.1759751198652326,1,42,1.0,0.9,refine
hybrid_weighted__threshold_1p000__w_0p900__attempt_01,hybrid_weighted__threshold_1p000__w_0p900,new_products,hybrid_weighted,decimal_shift,15715,5565,0.35412026726057905,1,42,1.0,0.9,refine
hybrid_weighted__threshold_1p000__w_0p900__attempt_01,hybrid_weighted__threshold_1p000__w_0p900,new_products,hybrid_weighted,list_price_violation,15781,4737,0.30017109181927637,1,42,1.0,0.9,refine
hybrid_weighted__threshold_1p000__w_0p900__attempt_01,hybrid_weighted__threshold_1p000__w_0p900,new_products,hybrid_weighted,price_drop,15910,5482,0.3445631678189818,1,42,1.0,0.9,refine
hybrid_weighted__threshold_1p000__w_0p900__attempt_01,hybrid_weighted__threshold_1p000__w_0p900,new_products,hybrid_weighted,price_spike,15719,5453,0.34690501940326995,1,42,1.0,0.9,refine
hybrid_weighted__threshold_1p250__w_0p700__attempt_01,hybrid_weighted__threshold_1p250__w_0p700,new_prices,hybrid_weighted,decimal_shift,7752,1390,0.17930856553147576,1,42,1.25,0.7,refine
hybrid_weighted__threshold_1p250__w_0p700__attempt_01,hybrid_weighted__threshold_1p250__w_0p700,new_prices,hybrid_weighted,list_price_violation,7720,1351,0.175,1,42,1.25,0.7,refine
hybrid_weighted__threshold_1p250__w_0p700__attempt_01,hybrid_weighted__threshold_1p250__w_0p700,new_prices,hybrid_weighted,price_drop,7692,1400,0.18200728029121166,1,42,1.25,0.7,refine
hybrid_weighted__threshold_1p250__w_0p700__attempt_01,hybrid_weighted__threshold_1p250__w_0p700,new_prices,hybrid_weighted,price_spike,7717,1358,0.1759751198652326,1,42,1.25,0.7,refine
hybrid_weighted__threshold_1p250__w_0p700__attempt_01,hybrid_weighted__threshold_1p250__w_0p700,new_products,hybrid_weighted,decimal_shift,15715,5537,0.35233853006681515,1,42,1.25,0.7,refine
hybrid_weighted__threshold_1p250__w_0p700__attempt_01,hybrid_weighted__threshold_1p250__w_0p700,new_products,hybrid_weighted,list_price_violation,15781,4612,0.2922501742601863,1,42,1.25,0.7,refine
hybrid_weighted__threshold_1p250__w_0p700__attempt_01,hybrid_weighted__threshold_1p250__w_0p700,new_products,hybrid_weighted,price_drop,15910,5353,0.33645505971087364,1,42,1.25,0.7,refine
hybrid_weighted__threshold_1p250__w_0p700__attempt_01,hybrid_weighted__threshold_1p250__w_0p700,new_products,hybrid_weighted,price_spike,15719,5442,0.3462052293402888,1,42,1.25,0.7,refine
hybrid_weighted__threshold_1p250__w_0p750__attempt_01,hybrid_weighted__threshold_1p250__w_0p750,new_prices,hybrid_weighted,decimal_shift,7752,1390,0.17930856553147576,1,42,1.25,0.75,refine
hybrid_weighted__threshold_1p250__w_0p750__attempt_01,hybrid_weighted__threshold_1p250__w_0p750,new_prices,hybrid_weighted,list_price_violation,7720,1351,0.175,1,42,1.25,0.75,refine
hybrid_weighted__threshold_1p250__w_0p750__attempt_01,hybrid_weighted__threshold_1p250__w_0p750,new_prices,hybrid_weighted,price_drop,7692,1400,0.18200728029121166,1,42,1.25,0.75,refine
hybrid_weighted__threshold_1p250__w_0p750__attempt_01,hybrid_weighted__threshold_1p250__w_0p750,new_prices,hybrid_weighted,price_spike,7717,1358,0.1759751198652326,1,42,1.25,0.75,refine
hybrid_weighted__threshold_1p250__w_0p750__attempt_01,hybrid_weighted__threshold_1p250__w_0p750,new_products,hybrid_weighted,decimal_shift,15715,5538,0.352402163538021,1,42,1.25,0.75,refine
hybrid_weighted__threshold_1p250__w_0p750__attempt_01,hybrid_weighted__threshold_1p250__w_0p750,new_products,hybrid_weighted,list_price_violation,15781,4612,0.2922501742601863,1,42,1.25,0.75,refine
hybrid_weighted__threshold_1p250__w_0p750__attempt_01,hybrid_weighted__threshold_1p250__w_0p750,new_products,hybrid_weighted,price_drop,15910,5354,0.3365179132620993,1,42,1.25,0.75,refine
hybrid_weighted__threshold_1p250__w_0p750__attempt_01,hybrid_weighted__threshold_1p250__w_0p750,new_products,hybrid_weighted,price_spike,15719,5442,0.3462052293402888,1,42,1.25,0.75,refine
hybrid_weighted__threshold_1p250__w_0p800__attempt_01,hybrid_weighted__threshold_1p250__w_0p800,new_prices,hybrid_weighted,decimal_shift,7752,1390,0.17930856553147576,1,42,1.25,0.8,refine
hybrid_weighted__threshold_1p250__w_0p800__attempt_01,hybrid_weighted__threshold_1p250__w_0p800,new_prices,hybrid_weighted,list_price_violation,7720,1350,0.17487046632124353,1,42,1.25,0.8,refine
hybrid_weighted__threshold_1p250__w_0p800__attempt_01,hybrid_weighted__threshold_1p250__w_0p800,new_prices,hybrid_weighted,price_drop,7692,1400,0.18200728029121166,1,42,1.25,0.8,refine
hybrid_weighted__threshold_1p250__w_0p800__attempt_01,hybrid_weighted__threshold_1p250__w_0p800,new_prices,hybrid_weighted,price_spike,7717,1358,0.1759751198652326,1,42,1.25,0.8,refine
hybrid_weighted__threshold_1p250__w_0p800__attempt_01,hybrid_weighted__threshold_1p250__w_0p800,new_products,hybrid_weighted,decimal_shift,15715,5537,0.35233853006681515,1,42,1.25,0.8,refine
hybrid_weighted__threshold_1p250__w_0p800__attempt_01,hybrid_weighted__threshold_1p250__w_0p800,new_products,hybrid_weighted,list_price_violation,15781,4608,0.29199670489829543,1,42,1.25,0.8,refine
hybrid_weighted__threshold_1p250__w_0p800__attempt_01,hybrid_weighted__threshold_1p250__w_0p800,new_products,hybrid_weighted,price_drop,15910,5353,0.33645505971087364,1,42,1.25,0.8,refine
hybrid_weighted__threshold_1p250__w_0p800__attempt_01,hybrid_weighted__threshold_1p250__w_0p800,new_products,hybrid_weighted,price_spike,15719,5443,0.34626884661874163,1,42,1.25,0.8,refine
hybrid_weighted__threshold_1p250__w_0p850__attempt_01,hybrid_weighted__threshold_1p250__w_0p850,new_prices,hybrid_weighted,decimal_shift,7752,1390,0.17930856553147576,1,42,1.25,0.85,refine
hybrid_weighted__threshold_1p250__w_0p850__attempt_01,hybrid_weighted__threshold_1p250__w_0p850,new_prices,hybrid_weighted,list_price_violation,7720,1349,0.17474093264248705,1,42,1.25,0.85,refine
hybrid_weighted__threshold_1p250__w_0p850__attempt_01,hybrid_weighted__threshold_1p250__w_0p850,new_prices,hybrid_weighted,price_drop,7692,1400,0.18200728029121166,1,42,1.25,0.85,refine
hybrid_weighted__threshold_1p250__w_0p850__attempt_01,hybrid_weighted__threshold_1p250__w_0p850,new_prices,hybrid_weighted,price_spike,7717,1358,0.1759751198652326,1,42,1.25,0.85,refine
hybrid_weighted__threshold_1p250__w_0p850__attempt_01,hybrid_weighted__threshold_1p250__w_0p850,new_products,hybrid_weighted,decimal_shift,15715,5537,0.35233853006681515,1,42,1.25,0.85,refine
hybrid_weighted__threshold_1p250__w_0p850__attempt_01,hybrid_weighted__threshold_1p250__w_0p850,new_products,hybrid_weighted,list_price_violation,15781,4606,0.29186997021735,1,42,1.25,0.85,refine
hybrid_weighted__threshold_1p250__w_0p850__attempt_01,hybrid_weighted__threshold_1p250__w_0p850,new_products,hybrid_weighted,price_drop,15910,5353,0.33645505971087364,1,42,1.25,0.85,refine
hybrid_weighted__threshold_1p250__w_0p850__attempt_01,hybrid_weighted__threshold_1p250__w_0p850,new_products,hybrid_weighted,price_spike,15719,5442,0.3462052293402888,1,42,1.25,0.85,refine
hybrid_weighted__threshold_1p250__w_0p900__attempt_01,hybrid_weighted__threshold_1p250__w_0p900,new_prices,hybrid_weighted,decimal_shift,7752,1390,0.17930856553147576,1,42,1.25,0.9,refine
hybrid_weighted__threshold_1p250__w_0p900__attempt_01,hybrid_weighted__threshold_1p250__w_0p900,new_prices,hybrid_weighted,list_price_violation,7720,1348,0.17461139896373057,1,42,1.25,0.9,refine
hybrid_weighted__threshold_1p250__w_0p900__attempt_01,hybrid_weighted__threshold_1p250__w_0p900,new_prices,hybrid_weighted,price_drop,7692,1399,0.18187727509100365,1,42,1.25,0.9,refine
hybrid_weighted__threshold_1p250__w_0p900__attempt_01,hybrid_weighted__threshold_1p250__w_0p900,new_prices,hybrid_weighted,price_spike,7717,1358,0.1759751198652326,1,42,1.25,0.9,refine
hybrid_weighted__threshold_1p250__w_0p900__attempt_01,hybrid_weighted__threshold_1p250__w_0p900,new_products,hybrid_weighted,decimal_shift,15715,5537,0.35233853006681515,1,42,1.25,0.9,refine
hybrid_weighted__threshold_1p250__w_0p900__attempt_01,hybrid_weighted__threshold_1p250__w_0p900,new_products,hybrid_weighted,list_price_violation,15781,4606,0.29186997021735,1,42,1.25,0.9,refine
hybrid_weighted__threshold_1p250__w_0p900__attempt_01,hybrid_weighted__threshold_1p250__w_0p900,new_products,hybrid_weighted,price_drop,15910,5351,0.3363293526084224,1,42,1.25,0.9,refine
hybrid_weighted__threshold_1p250__w_0p900__attempt_01,hybrid_weighted__threshold_1p250__w_0p900,new_products,hybrid_weighted,price_spike,15719,5441,0.34614161206183597,1,42,1.25,0.9,refine
hybrid_weighted__threshold_1p500__w_0p750__attempt_01,hybrid_weighted__threshold_1p500__w_0p750,new_prices,hybrid_weighted,decimal_shift,7752,1390,0.17930856553147576,1,42,1.5,0.75,refine
hybrid_weighted__threshold_1p500__w_0p750__attempt_01,hybrid_weighted__threshold_1p500__w_0p750,new_prices,hybrid_weighted,list_price_violation,7720,1337,0.17318652849740931,1,42,1.5,0.75,refine
hybrid_weighted__threshold_1p500__w_0p750__attempt_01,hybrid_weighted__threshold_1p500__w_0p750,new_prices,hybrid_weighted,price_drop,7692,1395,0.1813572542901716,1,42,1.5,0.75,refine
hybrid_weighted__threshold_1p500__w_0p750__attempt_01,hybrid_weighted__threshold_1p500__w_0p750,new_prices,hybrid_weighted,price_spike,7717,1358,0.1759751198652326,1,42,1.5,0.75,refine
hybrid_weighted__threshold_1p500__w_0p750__attempt_01,hybrid_weighted__threshold_1p500__w_0p750,new_products,hybrid_weighted,decimal_shift,15715,5482,0.34883868915049315,1,42,1.5,0.75,refine
hybrid_weighted__threshold_1p500__w_0p750__attempt_01,hybrid_weighted__threshold_1p500__w_0p750,new_products,hybrid_weighted,list_price_violation,15781,4462,0.2827450731892783,1,42,1.5,0.75,refine
hybrid_weighted__threshold_1p500__w_0p750__attempt_01,hybrid_weighted__threshold_1p500__w_0p750,new_products,hybrid_weighted,price_drop,15910,5243,0.3295411690760528,1,42,1.5,0.75,refine
hybrid_weighted__threshold_1p500__w_0p750__attempt_01,hybrid_weighted__threshold_1p500__w_0p750,new_products,hybrid_weighted,price_spike,15719,5426,0.3451873528850436,1,42,1.5,0.75,refine
hybrid_weighted__threshold_1p500__w_0p850__attempt_01,hybrid_weighted__threshold_1p500__w_0p850,new_prices,hybrid_weighted,decimal_shift,7752,1390,0.17930856553147576,1,42,1.5,0.85,refine
hybrid_weighted__threshold_1p500__w_0p850__attempt_01,hybrid_weighted__threshold_1p500__w_0p850,new_prices,hybrid_weighted,list_price_violation,7720,1334,0.1727979274611399,1,42,1.5,0.85,refine
hybrid_weighted__threshold_1p500__w_0p850__attempt_01,hybrid_weighted__threshold_1p500__w_0p850,new_prices,hybrid_weighted,price_drop,7692,1395,0.1813572542901716,1,42,1.5,0.85,refine
hybrid_weighted__threshold_1p500__w_0p850__attempt_01,hybrid_weighted__threshold_1p500__w_0p850,new_prices,hybrid_weighted,price_spike,7717,1358,0.1759751198652326,1,42,1.5,0.85,refine
hybrid_weighted__threshold_1p500__w_0p850__attempt_01,hybrid_weighted__threshold_1p500__w_0p850,new_products,hybrid_weighted,decimal_shift,15715,5481,0.3487750556792873,1,42,1.5,0.85,refine
hybrid_weighted__threshold_1p500__w_0p850__attempt_01,hybrid_weighted__threshold_1p500__w_0p850,new_products,hybrid_weighted,list_price_violation,15781,4460,0.2826183385083328,1,42,1.5,0.85,refine
hybrid_weighted__threshold_1p500__w_0p850__attempt_01,hybrid_weighted__threshold_1p500__w_0p850,new_products,hybrid_weighted,price_drop,15910,5240,0.32935260842237585,1,42,1.5,0.85,refine
hybrid_weighted__threshold_1p500__w_0p850__attempt_01,hybrid_weighted__threshold_1p500__w_0p850,new_products,hybrid_weighted,price_spike,15719,5423,0.3449965010496851,1,42,1.5,0.85,refine
hybrid_weighted__threshold_1p500__w_0p900__attempt_01,hybrid_weighted__threshold_1p500__w_0p900,new_prices,hybrid_weighted,decimal_shift,7752,1390,0.17930856553147576,1,42,1.5,0.9,refine
hybrid_weighted__threshold_1p500__w_0p900__attempt_01,hybrid_weighted__threshold_1p500__w_0p900,new_prices,hybrid_weighted,list_price_violation,7720,1334,0.1727979274611399,1,42,1.5,0.9,refine
hybrid_weighted__threshold_1p500__w_0p900__attempt_01,hybrid_weighted__threshold_1p500__w_0p900,new_prices,hybrid_weighted,price_drop,7692,1394,0.1812272490899636,1,42,1.5,0.9,refine
hybrid_weighted__threshold_1p500__w_0p900__attempt_01,hybrid_weighted__threshold_1p500__w_0p900,new_prices,hybrid_weighted,price_spike,7717,1358,0.1759751198652326,1,42,1.5,0.9,refine
hybrid_weighted__threshold_1p500__w_0p900__attempt_01,hybrid_weighted__threshold_1p500__w_0p900,new_products,hybrid_weighted,decimal_shift,15715,5478,0.3485841552656697,1,42,1.5,0.9,refine
hybrid_weighted__threshold_1p500__w_0p900__attempt_01,hybrid_weighted__threshold_1p500__w_0p900,new_products,hybrid_weighted,list_price_violation,15781,4459,0.2825549711678601,1,42,1.5,0.9,refine
hybrid_weighted__threshold_1p500__w_0p900__attempt_01,hybrid_weighted__threshold_1p500__w_0p900,new_products,hybrid_weighted,price_drop,15910,5238,0.3292269013199246,1,42,1.5,0.9,refine
hybrid_weighted__threshold_1p500__w_0p900__attempt_01,hybrid_weighted__threshold_1p500__w_0p900,new_products,hybrid_weighted,price_spike,15719,5421,0.34486926649277944,1,42,1.5,0.9,refine
hybrid_weighted__threshold_1p750__w_0p700__attempt_01,hybrid_weighted__threshold_1p750__w_0p700,new_prices,hybrid_weighted,decimal_shift,7752,1390,0.17930856553147576,1,42,1.75,0.7,refine
hybrid_weighted__threshold_1p750__w_0p700__attempt_01,hybrid_weighted__threshold_1p750__w_0p700,new_prices,hybrid_weighted,list_price_violation,7720,1326,0.1717616580310881,1,42,1.75,0.7,refine
hybrid_weighted__threshold_1p750__w_0p700__attempt_01,hybrid_weighted__threshold_1p750__w_0p700,new_prices,hybrid_weighted,price_drop,7692,1393,0.1810972438897556,1,42,1.75,0.7,refine
hybrid_weighted__threshold_1p750__w_0p700__attempt_01,hybrid_weighted__threshold_1p750__w_0p700,new_prices,hybrid_weighted,price_spike,7717,1358,0.1759751198652326,1,42,1.75,0.7,refine
hybrid_weighted__threshold_1p750__w_0p700__attempt_01,hybrid_weighted__threshold_1p750__w_0p700,new_products,hybrid_weighted,decimal_shift,15715,5424,0.34514794782055364,1,42,1.75,0.7,refine
hybrid_weighted__threshold_1p750__w_0p700__attempt_01,hybrid_weighted__threshold_1p750__w_0p700,new_products,hybrid_weighted,list_price_violation,15781,4317,0.2735568088207338,1,42,1.75,0.7,refine
hybrid_weighted__threshold_1p750__w_0p700__attempt_01,hybrid_weighted__threshold_1p750__w_0p700,new_products,hybrid_weighted,price_drop,15910,5156,0.32407291011942174,1,42,1.75,0.7,refine
hybrid_weighted__threshold_1p750__w_0p700__attempt_01,hybrid_weighted__threshold_1p750__w_0p700,new_products,hybrid_weighted,price_spike,15719,5395,0.3432152172530059,1,42,1.75,0.7,refine
hybrid_weighted__threshold_1p750__w_0p750__attempt_01,hybrid_weighted__threshold_1p750__w_0p750,new_prices,hybrid_weighted,decimal_shift,7752,1390,0.17930856553147576,1,42,1.75,0.75,refine
hybrid_weighted__threshold_1p750__w_0p750__attempt_01,hybrid_weighted__threshold_1p750__w_0p750,new_prices,hybrid_weighted,list_price_violation,7720,1326,0.1717616580310881,1,42,1.75,0.75,refine
hybrid_weighted__threshold_1p750__w_0p750__attempt_01,hybrid_weighted__threshold_1p750__w_0p750,new_prices,hybrid_weighted,price_drop,7692,1392,0.1809672386895476,1,42,1.75,0.75,refine
hybrid_weighted__threshold_1p750__w_0p750__attempt_01,hybrid_weighted__threshold_1p750__w_0p750,new_prices,hybrid_weighted,price_spike,7717,1357,0.17584553582998574,1,42,1.75,0.75,refine
hybrid_weighted__threshold_1p750__w_0p750__attempt_01,hybrid_weighted__threshold_1p750__w_0p750,new_products,hybrid_weighted,decimal_shift,15715,5422,0.3450206808781419,1,42,1.75,0.75,refine
hybrid_weighted__threshold_1p750__w_0p750__attempt_01,hybrid_weighted__threshold_1p750__w_0p750,new_products,hybrid_weighted,list_price_violation,15781,4314,0.27336670679931563,1,42,1.75,0.75,refine
hybrid_weighted__threshold_1p750__w_0p750__attempt_01,hybrid_weighted__threshold_1p750__w_0p750,new_products,hybrid_weighted,price_drop,15910,5152,0.3238214959145192,1,42,1.75,0.75,refine
hybrid_weighted__threshold_1p750__w_0p750__attempt_01,hybrid_weighted__threshold_1p750__w_0p750,new_products,hybrid_weighted,price_spike,15719,5395,0.3432152172530059,1,42,1.75,0.75,refine
hybrid_weighted__threshold_1p750__w_0p800__attempt_01,hybrid_weighted__threshold_1p750__w_0p800,new_prices,hybrid_weighted,decimal_shift,7752,1389,0.17917956656346748,1,42,1.75,0.8,refine
hybrid_weighted__threshold_1p750__w_0p800__attempt_01,hybrid_weighted__threshold_1p750__w_0p800,new_prices,hybrid_weighted,list_price_violation,7720,1324,0.17150259067357512,1,42,1.75,0.8,refine
hybrid_weighted__threshold_1p750__w_0p800__attempt_01,hybrid_weighted__threshold_1p750__w_0p800,new_prices,hybrid_weighted,price_drop,7692,1392,0.1809672386895476,1,42,1.75,0.8,refine
hybrid_weighted__threshold_1p750__w_0p800__attempt_01,hybrid_weighted__threshold_1p750__w_0p800,new_prices,hybrid_weighted,price_spike,7717,1357,0.17584553582998574,1,42,1.75,0.8,refine
hybrid_weighted__threshold_1p750__w_0p800__attempt_01,hybrid_weighted__threshold_1p750__w_0p800,new_products,hybrid_weighted,decimal_shift,15715,5421,0.34495704740693606,1,42,1.75,0.8,refine
hybrid_weighted__threshold_1p750__w_0p800__attempt_01,hybrid_weighted__threshold_1p750__w_0p800,new_products,hybrid_weighted,list_price_violation,15781,4312,0.2732399721183702,1,42,1.75,0.8,refine
hybrid_weighted__threshold_1p750__w_0p800__attempt_01,hybrid_weighted__threshold_1p750__w_0p800,new_products,hybrid_weighted,price_drop,15910,5150,0.3236957888120679,1,42,1.75,0.8,refine
hybrid_weighted__threshold_1p750__w_0p800__attempt_01,hybrid_weighted__threshold_1p750__w_0p800,new_products,hybrid_weighted,price_spike,15719,5395,0.3432152172530059,1,42,1.75,0.8,refine
hybrid_weighted__threshold_1p750__w_0p850__attempt_01,hybrid_weighted__threshold_1p750__w_0p850,new_prices,hybrid_weighted,decimal_shift,7752,1388,0.17905056759545923,1,42,1.75,0.85,refine
hybrid_weighted__threshold_1p750__w_0p850__attempt_01,hybrid_weighted__threshold_1p750__w_0p850,new_prices,hybrid_weighted,list_price_violation,7720,1324,0.17150259067357512,1,42,1.75,0.85,refine
hybrid_weighted__threshold_1p750__w_0p850__attempt_01,hybrid_weighted__threshold_1p750__w_0p850,new_prices,hybrid_weighted,price_drop,7692,1391,0.18083723348933958,1,42,1.75,0.85,refine
hybrid_weighted__threshold_1p750__w_0p850__attempt_01,hybrid_weighted__threshold_1p750__w_0p850,new_prices,hybrid_weighted,price_spike,7717,1357,0.17584553582998574,1,42,1.75,0.85,refine
hybrid_weighted__threshold_1p750__w_0p850__attempt_01,hybrid_weighted__threshold_1p750__w_0p850,new_products,hybrid_weighted,decimal_shift,15715,5420,0.3448934139357302,1,42,1.75,0.85,refine
hybrid_weighted__threshold_1p750__w_0p850__attempt_01,hybrid_weighted__threshold_1p750__w_0p850,new_products,hybrid_weighted,list_price_violation,15781,4308,0.2729865027564793,1,42,1.75,0.85,refine
hybrid_weighted__threshold_1p750__w_0p850__attempt_01,hybrid_weighted__threshold_1p750__w_0p850,new_products,hybrid_weighted,price_drop,15910,5148,0.3235700817096166,1,42,1.75,0.85,refine
hybrid_weighted__threshold_1p750__w_0p850__attempt_01,hybrid_weighted__threshold_1p750__w_0p850,new_products,hybrid_weighted,price_spike,15719,5394,0.3431515999745531,1,42,1.75,0.85,refine
hybrid_weighted__threshold_1p750__w_0p900__attempt_01,hybrid_weighted__threshold_1p750__w_0p900,new_prices,hybrid_weighted,decimal_shift,7752,1388,0.17905056759545923,1,42,1.75,0.9,refine
hybrid_weighted__threshold_1p750__w_0p900__attempt_01,hybrid_weighted__threshold_1p750__w_0p900,new_prices,hybrid_weighted,list_price_violation,7720,1320,0.17098445595854922,1,42,1.75,0.9,refine
hybrid_weighted__threshold_1p750__w_0p900__attempt_01,hybrid_weighted__threshold_1p750__w_0p900,new_prices,hybrid_weighted,price_drop,7692,1389,0.18057722308892354,1,42,1.75,0.9,refine
hybrid_weighted__threshold_1p750__w_0p900__attempt_01,hybrid_weighted__threshold_1p750__w_0p900,new_prices,hybrid_weighted,price_spike,7717,1357,0.17584553582998574,1,42,1.75,0.9,refine
hybrid_weighted__threshold_1p750__w_0p900__attempt_01,hybrid_weighted__threshold_1p750__w_0p900,new_products,hybrid_weighted,decimal_shift,15715,5420,0.3448934139357302,1,42,1.75,0.9,refine
hybrid_weighted__threshold_1p750__w_0p900__attempt_01,hybrid_weighted__threshold_1p750__w_0p900,new_products,hybrid_weighted,list_price_violation,15781,4308,0.2729865027564793,1,42,1.75,0.9,refine
hybrid_weighted__threshold_1p750__w_0p900__attempt_01,hybrid_weighted__threshold_1p750__w_0p900,new_products,hybrid_weighted,price_drop,15910,5148,0.3235700817096166,1,42,1.75,0.9,refine
hybrid_weighted__threshold_1p750__w_0p900__attempt_01,hybrid_weighted__threshold_1p750__w_0p900,new_products,hybrid_weighted,price_spike,15719,5394,0.3431515999745531,1,42,1.75,0.9,refine
hybrid_weighted__threshold_2p000__w_0p750__attempt_01,hybrid_weighted__threshold_2p000__w_0p750,new_prices,hybrid_weighted,decimal_shift,7752,1385,0.17866357069143446,1,42,2.0,0.75,refine
hybrid_weighted__threshold_2p000__w_0p750__attempt_01,hybrid_weighted__threshold_2p000__w_0p750,new_prices,hybrid_weighted,list_price_violation,7720,1312,0.1699481865284974,1,42,2.0,0.75,refine
hybrid_weighted__threshold_2p000__w_0p750__attempt_01,hybrid_weighted__threshold_2p000__w_0p750,new_prices,hybrid_weighted,price_drop,7692,1384,0.17992719708788352,1,42,2.0,0.75,refine
hybrid_weighted__threshold_2p000__w_0p750__attempt_01,hybrid_weighted__threshold_2p000__w_0p750,new_prices,hybrid_weighted,price_spike,7717,1357,0.17584553582998574,1,42,2.0,0.75,refine
hybrid_weighted__threshold_2p000__w_0p750__attempt_01,hybrid_weighted__threshold_2p000__w_0p750,new_products,hybrid_weighted,decimal_shift,15715,5388,0.34285714285714286,1,42,2.0,0.75,refine
hybrid_weighted__threshold_2p000__w_0p750__attempt_01,hybrid_weighted__threshold_2p000__w_0p750,new_products,hybrid_weighted,list_price_violation,15781,4178,0.26474874849502567,1,42,2.0,0.75,refine
hybrid_weighted__threshold_2p000__w_0p750__attempt_01,hybrid_weighted__threshold_2p000__w_0p750,new_products,hybrid_weighted,price_drop,15910,5089,0.3198617221873036,1,42,2.0,0.75,refine
hybrid_weighted__threshold_2p000__w_0p750__attempt_01,hybrid_weighted__threshold_2p000__w_0p750,new_products,hybrid_weighted,price_spike,15719,5373,0.3418156371270437,1,42,2.0,0.75,refine
hybrid_weighted__threshold_2p000__w_0p850__attempt_01,hybrid_weighted__threshold_2p000__w_0p850,new_prices,hybrid_weighted,decimal_shift,7752,1385,0.17866357069143446,1,42,2.0,0.85,refine
hybrid_weighted__threshold_2p000__w_0p850__attempt_01,hybrid_weighted__threshold_2p000__w_0p850,new_prices,hybrid_weighted,list_price_violation,7720,1307,0.16930051813471503,1,42,2.0,0.85,refine
hybrid_weighted__threshold_2p000__w_0p850__attempt_01,hybrid_weighted__threshold_2p000__w_0p850,new_prices,hybrid_weighted,price_drop,7692,1381,0.1795371814872595,1,42,2.0,0.85,refine
hybrid_weighted__threshold_2p000__w_0p850__attempt_01,hybrid_weighted__threshold_2p000__w_0p850,new_prices,hybrid_weighted,price_spike,7717,1357,0.17584553582998574,1,42,2.0,0.85,refine
hybrid_weighted__threshold_2p000__w_0p850__attempt_01,hybrid_weighted__threshold_2p000__w_0p850,new_products,hybrid_weighted,decimal_shift,15715,5386,0.34272987591473114,1,42,2.0,0.85,refine
hybrid_weighted__threshold_2p000__w_0p850__attempt_01,hybrid_weighted__threshold_2p000__w_0p850,new_products,hybrid_weighted,list_price_violation,15781,4171,0.26430517711171664,1,42,2.0,0.85,refine
hybrid_weighted__threshold_2p000__w_0p850__attempt_01,hybrid_weighted__threshold_2p000__w_0p850,new_products,hybrid_weighted,price_drop,15910,5086,0.3196731615336266,1,42,2.0,0.85,refine
hybrid_weighted__threshold_2p000__w_0p850__attempt_01,hybrid_weighted__threshold_2p000__w_0p850,new_products,hybrid_weighted,price_spike,15719,5372,0.3417520198485909,1,42,2.0,0.85,refine
hybrid_weighted__threshold_2p000__w_0p900__attempt_01,hybrid_weighted__threshold_2p000__w_0p900,new_prices,hybrid_weighted,decimal_shift,7752,1385,0.17866357069143446,1,42,2.0,0.9,refine
hybrid_weighted__threshold_2p000__w_0p900__attempt_01,hybrid_weighted__threshold_2p000__w_0p900,new_prices,hybrid_weighted,list_price_violation,7720,1306,0.16917098445595855,1,42,2.0,0.9,refine
hybrid_weighted__threshold_2p000__w_0p900__attempt_01,hybrid_weighted__threshold_2p000__w_0p900,new_prices,hybrid_weighted,price_drop,7692,1381,0.1795371814872595,1,42,2.0,0.9,refine
hybrid_weighted__threshold_2p000__w_0p900__attempt_01,hybrid_weighted__threshold_2p000__w_0p900,new_prices,hybrid_weighted,price_spike,7717,1357,0.17584553582998574,1,42,2.0,0.9,refine
hybrid_weighted__threshold_2p000__w_0p900__attempt_01,hybrid_weighted__threshold_2p000__w_0p900,new_products,hybrid_weighted,decimal_shift,15715,5384,0.3426026089723194,1,42,2.0,0.9,refine
hybrid_weighted__threshold_2p000__w_0p900__attempt_01,hybrid_weighted__threshold_2p000__w_0p900,new_products,hybrid_weighted,list_price_violation,15781,4172,0.2643685444521893,1,42,2.0,0.9,refine
hybrid_weighted__threshold_2p000__w_0p900__attempt_01,hybrid_weighted__threshold_2p000__w_0p900,new_products,hybrid_weighted,price_drop,15910,5084,0.3195474544311754,1,42,2.0,0.9,refine
hybrid_weighted__threshold_2p000__w_0p900__attempt_01,hybrid_weighted__threshold_2p000__w_0p900,new_products,hybrid_weighted,price_spike,15719,5371,0.34168840257013805,1,42,2.0,0.9,refine
